#
# A fatal error has been detected by the Java Runtime Environment:
#
#  SIGSEGV (0xb) at pc=0x000077ca56351c90, pid=382104, tid=387623
#
# JRE version: OpenJDK Runtime Environment (21.0.10+7) (build 21.0.10+7-nixos)
# Java VM: OpenJDK 64-Bit Server VM (21.0.10+7-nixos, mixed mode, sharing, tiered, compressed oops, compressed class ptrs, g1 gc, linux-amd64)
# Problematic frame:
# V  [libjvm.so+0xd51c90]  Node::uncast(bool) const+0x0
#
# Core dump will be written. Default location: Core dumps may be processed with "/nix/store/bwc6yk289kf51gy4ahbkz2mm8xj42bp5-systemd/lib/systemd/systemd-coredump %P %u %g %s %t %c %h %d %F" (or dumping to /home/soywod/code/pimalaya/android/android/app/core.382104)
#
# If you would like to submit a bug report, please visit:
#   https://bugreport.java.com/bugreport/crash.jsp
#

---------------  S U M M A R Y ------------

Command Line: -Djava.awt.headless=true -Djava.library.path=/usr/java/packages/lib:/usr/lib64:/lib64:/lib:/usr/lib:/home/soywod/code/pimalaya/android/rust/target/debug:/home/soywod/code/pimalaya/android/android/app/src/testDebug/jniLibs:/home/soywod/code/pimalaya/android/android/app/src/test/jniLibs -Dorg.gradle.internal.worker.tmpdir=/home/soywod/code/pimalaya/android/android/app/build/tmp/testDebugUnitTest/work --add-opens=java.base/java.io=ALL-UNNAMED -Xmx512m -Dfile.encoding=UTF-8 -Duser.country=US -Duser.language=en -Duser.variant -ea worker.org.gradle.process.internal.worker.GradleWorkerMain 'Gradle Test Executor 2'

Host: AMD Ryzen 7 5700G with Radeon Graphics, 16 cores, 30G, NixOS 25.11 (Xantusia)
Time: Fri Oct  9 21:00:04 2026 CEST elapsed time: 13.276311 seconds (0d 0h 0m 13s)

---------------  T H R E A D  ---------------

Current thread (0x000077c9b00dd1f0):  JavaThread "C2 CompilerThread1" daemon [_thread_in_native, id=387623, stack(0x000077c9d6c00000,0x000077c9d6d00000) (1024K)]


Current CompileTask:
C2:13276 9166   !   4       android.database.sqlite.SQLiteDatabase::$$robo$$android_database_sqlite_SQLiteDatabase$executeSql (177 bytes)

Stack: [0x000077c9d6c00000,0x000077c9d6d00000],  sp=0x000077c9d6cf9bb8,  free space=998k
Native frames: (J=compiled Java code, j=interpreted, Vv=VM code, C=native code)
V  [libjvm.so+0xd51c90]  Node::uncast(bool) const+0x0
V  [libjvm.so+0x4f3d97]  InlineTree::ok_to_inline(ciMethod*, JVMState*, ciCallProfile&, bool&)+0x137
V  [libjvm.so+0x7a33cc]  Compile::call_generator(ciMethod*, int, bool, JVMState*, bool, float, ciKlass*, bool)+0x69c
V  [libjvm.so+0x5c562e]  CallGenerator::for_method_handle_inline(JVMState*, ciMethod*, ciMethod*, bool, bool&)+0x12e
V  [libjvm.so+0x5c5f66]  CallGenerator::for_method_handle_call(JVMState*, ciMethod*, ciMethod*, bool)+0x26
V  [libjvm.so+0x7a32e9]  Compile::call_generator(ciMethod*, int, bool, JVMState*, bool, float, ciKlass*, bool)+0x5b9
V  [libjvm.so+0x7a4037]  Parse::do_call()+0x1c7
V  [libjvm.so+0xdbfd69]  Parse::do_one_block()+0x1a9
V  [libjvm.so+0xdc0375]  Parse::do_all_blocks()+0xe5
V  [libjvm.so+0xdc2aa8]  Parse::Parse(JVMState*, ciMethod*, float)+0x6d8
V  [libjvm.so+0x5c14d3]  ParseGenerator::generate(JVMState*)+0x93
V  [libjvm.so+0x7a408f]  Parse::do_call()+0x21f
V  [libjvm.so+0xdbfd69]  Parse::do_one_block()+0x1a9
V  [libjvm.so+0xdc0375]  Parse::do_all_blocks()+0xe5
V  [libjvm.so+0xdc2aa8]  Parse::Parse(JVMState*, ciMethod*, float)+0x6d8
V  [libjvm.so+0x5c14d3]  ParseGenerator::generate(JVMState*)+0x93
V  [libjvm.so+0x7a408f]  Parse::do_call()+0x21f
V  [libjvm.so+0xdbfd69]  Parse::do_one_block()+0x1a9
V  [libjvm.so+0xdc0375]  Parse::do_all_blocks()+0xe5
V  [libjvm.so+0xdc2aa8]  Parse::Parse(JVMState*, ciMethod*, float)+0x6d8
V  [libjvm.so+0x5c14d3]  ParseGenerator::generate(JVMState*)+0x93
V  [libjvm.so+0x7a408f]  Parse::do_call()+0x21f
V  [libjvm.so+0xdbfd69]  Parse::do_one_block()+0x1a9
V  [libjvm.so+0xdc0375]  Parse::do_all_blocks()+0xe5
V  [libjvm.so+0xdc2aa8]  Parse::Parse(JVMState*, ciMethod*, float)+0x6d8
V  [libjvm.so+0x5c14d3]  ParseGenerator::generate(JVMState*)+0x93
V  [libjvm.so+0x5c4341]  CallGenerator::do_late_inline_helper()+0x621
V  [libjvm.so+0x6991c1]  Compile::inline_incrementally_one()+0xd1
V  [libjvm.so+0x6a0ce8]  Compile::inline_incrementally(PhaseIterGVN&)+0x1f8
V  [libjvm.so+0x6a4d20]  Compile::Optimize()+0x4d0
V  [libjvm.so+0x6a6c47]  Compile::Compile(ciEnv*, ciMethod*, int, Options, DirectiveSet*)+0xf47
V  [libjvm.so+0x5c01fd]  C2Compiler::compile_method(ciEnv*, ciMethod*, int, bool, DirectiveSet*)+0x19d
V  [libjvm.so+0x6ad488]  CompileBroker::invoke_compiler_on_method(CompileTask*)+0xae8
V  [libjvm.so+0x6b08e8]  CompileBroker::compiler_thread_loop()+0x708
V  [libjvm.so+0x98651c]  JavaThread::thread_main_inner() [clone .part.0]+0xbc
V  [libjvm.so+0x101da2f]  Thread::call_run()+0x9f
V  [libjvm.so+0xd8dcf5]  thread_native_entry(Thread*)+0xd5
C  [libc.so.6+0x9a97a]  start_thread+0x2aa

siginfo: si_signo: 11 (SIGSEGV), si_code: 1 (SEGV_MAPERR), si_addr: 0x000000000000002c

Registers:
RAX=0x00000000000000d8, RBX=0x0000000000000000, RCX=0x0000000000000f23, RDX=0x000077c9a835f648
RSP=0x000077c9d6cf9bb8, RBP=0x000077c9d6cf9c10, RSI=0x0000000000000000, RDI=0x0000000000000000
R8 =0x0000000000000000, R9 =0x0000000000000000, R10=0x0000000000000000, R11=0x0000000000000000
R12=0x000077c9b02b8d78, R13=0x000077c9a8782330, R14=0x000077c9bcef2b60, R15=0x000077c9b00e6770
RIP=0x000077ca56351c90, EFLAGS=0x0000000000010206, CSGSFS=0x002b000000000033, ERR=0x0000000000000004
  TRAPNO=0x000000000000000e

XMM[0]=0x000077c9b00dd1f0 0x000077c9d762c280
XMM[1]=0x0000000000000000 0x000077c9b00dd1f0
XMM[2]=0x0000000000000000 0x40d4db0000000000
XMM[3]=0x0000000000000000 0x0000000000000043
XMM[4]=0x000077c9a877e4f8 0x000077c9a877ddf8
XMM[5]=0x000077c9a8780cf8 0x000077c9a8780b98
XMM[6]=0x000077c9a8780208 0x000077c9a877f6b8
XMM[7]=0x000077c9a877efe8 0x000077c9a877e770
XMM[8]=0x000077c9a877e4f8 0x000077c9a877ddf8
XMM[9]=0x0000000000000000 0x46293e5939a08cea
XMM[10]=0x0000000000000000 0x4376345785d8a000
XMM[11]=0x000077c9488545a0 0x000077c948854540
XMM[12]=0x2020202020202020 0x2020202020202020
XMM[13]=0x0000000000000000 0x0000000000000000
XMM[14]=0x0000000000000000 0x0000000000000000
XMM[15]=0x0000000000000000 0x0000000000000000
  MXCSR=0x00001fa2


Register to memory mapping:

RAX=0x00000000000000d8 is an unknown value
RBX=0x0 is null
RCX=0x0000000000000f23 is an unknown value
RDX=0x000077c9a835f648 points into unknown readable memory: 0x000077c9a835e1e0 | e0 e1 35 a8 c9 77 00 00
RSP=0x000077c9d6cf9bb8 is pointing into the stack for thread: 0x000077c9b00dd1f0
RBP=0x000077c9d6cf9c10 is pointing into the stack for thread: 0x000077c9b00dd1f0
RSI=0x0 is null
RDI=0x0 is null
R8 =0x0 is null
R9 =0x0 is null
R10=0x0 is null
R11=0x0 is null
R12=0x000077c9b02b8d78 points into unknown readable memory: 0x000077c9b02b8db8 | b8 8d 2b b0 c9 77 00 00
R13=0x000077c9a8782330 points into unknown readable memory: 0x000077ca56b4aee8 | e8 ae b4 56 ca 77 00 00
R14=0x000077c9bcef2b60 points into unknown readable memory: 0x000077ca56b44d88 | 88 4d b4 56 ca 77 00 00
R15=0x000077c9b00e6770 points into unknown readable memory: 0x000077c9d6cfd540 | 40 d5 cf d6 c9 77 00 00

Top of Stack: (sp=0x000077c9d6cf9bb8)
0x000077c9d6cf9bb8:   000077ca55af2a7e 000077c9d6cf9c00
0x000077c9d6cf9bc8:   000077c9bcd9d4f8 000077c9d6cf9c40
0x000077c9d6cf9bd8:   000077c9b00e6930 000077c9d6cf9c50
0x000077c9d6cf9be8:   000077c9bcef2b60 000077c9b00e6930
0x000077c9d6cf9bf8:   000077c9380e1960 000077c9b00e6770
0x000077c9d6cf9c08:   0000000000000024 000077c9d6cf9cd0
0x000077c9d6cf9c18:   000077ca55af3d97 000077c9d6cf9d5f
0x000077c9d6cf9c28:   000077ca55af3d39 0000000000000024
0x000077c9d6cf9c38:   000077c9d6cf9d60 000077c9d6cf9d60
0x000077c9d6cf9c48:   000077c9d6cf9d5f 000077c9bc31d958
0x000077c9d6cf9c58:   000077c9b0072920 0000536c00000000
0x000077c9d6cf9c68:   0000000000000000 000077c901001e64
0x000077c9d6cf9c78:   000077c900000000 000077c900000001
0x000077c9d6cf9c88:   000077ca55af392b 000077c9bc315970
0x000077c9d6cf9c98:   000077c9380e1960 000000e9000000b6
0x000077c9d6cf9ca8:   000077c9d6cfd540 000000000000546c
0x000077c9d6cf9cb8:   000077c9b00e6930 0000000000000000
0x000077c9d6cf9cc8:   000077c9b00e6770 000077c9d6cf9e50
0x000077c9d6cf9cd8:   000077ca55da33cc 000077c9380e1b30
0x000077c9d6cf9ce8:   000077c9d6cf9d50 000077c9ffffffff
0x000077c9d6cf9cf8:   000077c9d6cf9d5f 0000000000000000
0x000077c9d6cf9d08:   000000b655c32fcd 0000000000000001
0x000077c9d6cf9d18:   000077c9d6cf9d60 000000000000536c
0x000077c9d6cf9d28:   00000001fffffffc 000077c900000000
0x000077c9d6cf9d38:   010077c93f7fffef 0000000000000024
0x000077c9d6cf9d48:   000077c9bcef2b60 000077c9bcd9b6d8
0x000077c9d6cf9d58:   000077c9380e1b30 0000000000000000
0x000077c9d6cf9d68:   ffffffff0000536c 000077c9380e2058
0x000077c9d6cf9d78:   0000000000000000 000077c9380e2058
0x000077c9d6cf9d88:   000077c9ffffffff 0000000000000000
0x000077c9d6cf9d98:   000077c9bc319588 000077c9380e1e7e
0x000077c9d6cf9da8:   000077c9380e1b30 000077c9bc319268 

Instructions: (pc=0x000077ca56351c90)
0x000077ca56351b90:   d2 31 c9 31 f6 31 ff c3 0f 1f 84 00 00 00 00 00
0x000077ca56351ba0:   b8 ff ff ff ff 31 d2 31 c9 31 f6 31 ff c3 66 90
0x000077ca56351bb0:   55 48 89 e5 41 57 41 56 41 55 41 54 53 48 83 ec
0x000077ca56351bc0:   18 4c 89 4d c0 48 39 d6 0f 84 92 00 00 00 89 cb
0x000077ca56351bd0:   45 89 c7 44 39 c1 0f 8d 84 00 00 00 49 89 fd 49
0x000077ca56351be0:   89 f6 49 89 d2 45 31 e4 eb 1e 66 66 2e 0f 1f 84
0x000077ca56351bf0:   00 00 00 00 00 66 66 2e 0f 1f 84 00 00 00 00 00
0x000077ca56351c00:   83 c3 01 41 39 df 74 31 49 8b 4d 08 89 da 4c 3b
0x000077ca56351c10:   34 d1 75 ec 48 8b 4d c0 4c 89 d2 89 de 4c 89 ef
0x000077ca56351c20:   83 c3 01 4c 89 55 c8 41 83 c4 01 e8 40 14 09 00
0x000077ca56351c30:   4c 8b 55 c8 41 39 df 75 cf 48 83 c4 18 44 89 e0
0x000077ca56351c40:   5b 41 5c 41 5d 41 5e 41 5f 5d 31 d2 31 c9 31 f6
0x000077ca56351c50:   31 ff 45 31 c0 45 31 c9 45 31 d2 c3 0f 1f 40 00
0x000077ca56351c60:   48 83 c4 18 31 c0 5b 41 5c 41 5d 41 5e 41 5f 5d
0x000077ca56351c70:   31 d2 31 c9 31 f6 31 ff 45 31 c0 45 31 c9 45 31
0x000077ca56351c80:   d2 c3 66 66 2e 0f 1f 84 00 00 00 00 00 0f 1f 00
0x000077ca56351c90:   8b 57 2c 48 89 f8 83 e2 1f 83 fa 14 75 37 40 84
0x000077ca56351ca0:   f6 74 3d 66 66 2e 0f 1f 84 00 00 00 00 00 66 90
0x000077ca56351cb0:   83 78 18 02 75 1f 8b 50 2c 83 e2 1f 83 fa 14 75
0x000077ca56351cc0:   14 8b 50 40 85 d2 75 0d 48 8b 40 08 48 8b 40 08
0x000077ca56351cd0:   48 85 c0 75 db 31 d2 31 f6 31 ff c3 0f 1f 40 00
0x000077ca56351ce0:   83 78 18 02 75 ef 8b 50 2c 83 e2 1f 83 fa 14 75
0x000077ca56351cf0:   e4 48 8b 40 08 48 8b 40 08 48 85 c0 75 e2 31 d2
0x000077ca56351d00:   31 f6 31 ff c3 90 66 2e 0f 1f 84 00 00 00 00 00
0x000077ca56351d10:   55 48 89 e5 41 56 41 55 41 54 53 48 8b 5f 10 8b
0x000077ca56351d20:   47 20 4c 8d 34 c3 4c 39 f3 73 35 41 89 f5 eb 09
0x000077ca56351d30:   48 83 c3 08 4c 39 f3 73 27 4c 8b 23 49 8b 04 24
0x000077ca56351d40:   4c 89 e7 ff 10 44 39 e8 75 e6 5b 4c 89 e0 41 5c
0x000077ca56351d50:   41 5d 41 5e 5d 31 f6 31 ff c3 66 0f 1f 44 00 00
0x000077ca56351d60:   45 31 e4 5b 4c 89 e0 41 5c 41 5d 41 5e 5d 31 f6
0x000077ca56351d70:   31 ff c3 90 66 66 2e 0f 1f 84 00 00 00 00 00 90
0x000077ca56351d80:   55 48 89 e5 41 55 41 54 41 89 f4 53 48 83 ec 08 


Stack slot to memory mapping:

stack at sp + 0 slots: 0x000077ca55af2a7e: <offset 0x00000000004f2a7e> in /nix/store/cl36jmhc6yq7a0l3lpcxij8xah07wfl4-openjdk-21.0.10+7/lib/openjdk/lib/server/libjvm.so at 0x000077ca55600000
stack at sp + 1 slots: 0x000077c9d6cf9c00 is pointing into the stack for thread: 0x000077c9b00dd1f0
stack at sp + 2 slots: 0x000077c9bcd9d4f8 points into unknown readable memory: 0x000077c9bc008b00 | 00 8b 00 bc c9 77 00 00
stack at sp + 3 slots: 0x000077c9d6cf9c40 is pointing into the stack for thread: 0x000077c9b00dd1f0
stack at sp + 4 slots: 0x000077c9b00e6930 points into unknown readable memory: 0x000077c9b00e6670 | 70 66 0e b0 c9 77 00 00
stack at sp + 5 slots: 0x000077c9d6cf9c50 is pointing into the stack for thread: 0x000077c9b00dd1f0
stack at sp + 6 slots: 0x000077c9bcef2b60 points into unknown readable memory: 0x000077ca56b44d88 | 88 4d b4 56 ca 77 00 00
stack at sp + 7 slots: 0x000077c9b00e6930 points into unknown readable memory: 0x000077c9b00e6670 | 70 66 0e b0 c9 77 00 00


---------------  P R O C E S S  ---------------

Threads class SMR info:
_java_thread_list=0x000077c9643029d0, length=29, elements={
0x000077ca5001d570, 0x000077ca502733e0, 0x000077ca502749e0, 0x000077ca50276200,
0x000077ca502778d0, 0x000077ca50278f00, 0x000077ca5027ab50, 0x000077ca5027c2a0,
0x000077ca502bd1f0, 0x000077ca502bfa50, 0x000077ca50709cc0, 0x000077ca507206d0,
0x000077ca5072c550, 0x000077ca50999340, 0x000077c961ea5fd0, 0x000077c961eb8a40,
0x000077c962122d40, 0x000077c962123450, 0x000077c962124050, 0x000077c9b006f9b0,
0x000077c9b0070680, 0x000077c9b00713d0, 0x000077c9b00dd1f0, 0x000077c9b00de010,
0x000077c99828f2a0, 0x000077c9a8074bb0, 0x000077c9b4340d80, 0x000077c9b4341ef0,
0x000077c96426ee90
}

Java Threads: ( => current thread )
  0x000077ca5001d570 JavaThread "Test worker"                       [_thread_blocked, id=382111, stack(0x000077ca55500000,0x000077ca55600000) (1024K)]
  0x000077ca502733e0 JavaThread "Reference Handler"          daemon [_thread_blocked, id=382124, stack(0x000077ca34af0000,0x000077ca34bf0000) (1024K)]
  0x000077ca502749e0 JavaThread "Finalizer"                  daemon [_thread_blocked, id=382125, stack(0x000077ca34700000,0x000077ca34800000) (1024K)]
  0x000077ca50276200 JavaThread "Signal Dispatcher"          daemon [_thread_blocked, id=382126, stack(0x000077ca34600000,0x000077ca34700000) (1024K)]
  0x000077ca502778d0 JavaThread "Service Thread"             daemon [_thread_blocked, id=382127, stack(0x000077ca34500000,0x000077ca34600000) (1024K)]
  0x000077ca50278f00 JavaThread "Monitor Deflation Thread"   daemon [_thread_blocked, id=382128, stack(0x000077ca34400000,0x000077ca34500000) (1024K)]
  0x000077ca5027ab50 JavaThread "C2 CompilerThread0"         daemon [_thread_blocked, id=382129, stack(0x000077ca34300000,0x000077ca34400000) (1024K)]
  0x000077ca5027c2a0 JavaThread "C1 CompilerThread0"         daemon [_thread_blocked, id=382130, stack(0x000077ca34200000,0x000077ca34300000) (1024K)]
  0x000077ca502bd1f0 JavaThread "Notification Thread"        daemon [_thread_blocked, id=382139, stack(0x000077c9d6e00000,0x000077c9d6f00000) (1024K)]
  0x000077ca502bfa50 JavaThread "Common-Cleaner"             daemon [_thread_blocked, id=382141, stack(0x000077c9d6d00000,0x000077c9d6e00000) (1024K)]
  0x000077ca50709cc0 JavaThread "/127.0.0.1:40768 to /127.0.0.1:33129 workers"        [_thread_blocked, id=382229, stack(0x000077c9d6b00000,0x000077c9d6c00000) (1024K)]
  0x000077ca507206d0 JavaThread "/127.0.0.1:40768 to /127.0.0.1:33129 workers Thread 2"        [_thread_blocked, id=382230, stack(0x000077c9d694b000,0x000077c9d6a4b000) (1024K)]
  0x000077ca5072c550 JavaThread "/127.0.0.1:40768 to /127.0.0.1:33129 workers Thread 3"        [_thread_in_native, id=382231, stack(0x000077c9d684b000,0x000077c9d694b000) (1024K)]
  0x000077ca50999340 JavaThread "SDK 35 Main Thread"                [_thread_blocked, id=382311, stack(0x000077c9d5d41000,0x000077c9d5e41000) (1024K)]
  0x000077c961ea5fd0 JavaThread "SharedPreferences"                 [_thread_blocked, id=384873, stack(0x000077c9d5a41000,0x000077c9d5b41000) (1024K)]
  0x000077c961eb8a40 JavaThread "queued-work-looper"                [_thread_blocked, id=384893, stack(0x000077c9d58ad000,0x000077c9d59ad000) (1024K)]
  0x000077c962122d40 JavaThread "pimalaya-calendar"          daemon [_thread_blocked, id=385197, stack(0x000077c9d57ad000,0x000077c9d58ad000) (1024K)]
  0x000077c962123450 JavaThread "pimalaya-calendar"          daemon [_thread_blocked, id=385199, stack(0x000077c9d42c5000,0x000077c9d43c5000) (1024K)]
  0x000077c962124050 JavaThread "pimalaya-calendar"          daemon [_thread_blocked, id=385200, stack(0x000077c9d41c5000,0x000077c9d42c5000) (1024K)]
  0x000077c9b006f9b0 JavaThread "C1 CompilerThread1"         daemon [_thread_blocked, id=387620, stack(0x000077ca34100000,0x000077ca34200000) (1024K)]
  0x000077c9b0070680 JavaThread "C1 CompilerThread2"         daemon [_thread_blocked, id=387621, stack(0x000077c9d6f00000,0x000077c9d7000000) (1024K)]
  0x000077c9b00713d0 JavaThread "C1 CompilerThread3"         daemon [_thread_blocked, id=387622, stack(0x000077ca34000000,0x000077ca34100000) (1024K)]
=>0x000077c9b00dd1f0 JavaThread "C2 CompilerThread1"         daemon [_thread_in_native, id=387623, stack(0x000077c9d6c00000,0x000077c9d6d00000) (1024K)]
  0x000077c9b00de010 JavaThread "C2 CompilerThread2"         daemon [_thread_blocked, id=387624, stack(0x000077c9d5c41000,0x000077c9d5d41000) (1024K)]
  0x000077c99828f2a0 JavaThread "C2 CompilerThread3"         daemon [_thread_blocked, id=387626, stack(0x000077c9d5b41000,0x000077c9d5c41000) (1024K)]
  0x000077c9a8074bb0 JavaThread "C2 CompilerThread4"         daemon [_thread_blocked, id=387650, stack(0x000077c9d40c5000,0x000077c9d41c5000) (1024K)]
  0x000077c9b4340d80 JavaThread "C2 CompilerThread5"         daemon [_thread_blocked, id=387651, stack(0x000077c94c100000,0x000077c94c200000) (1024K)]
  0x000077c9b4341ef0 JavaThread "C2 CompilerThread6"         daemon [_thread_in_native, id=387652, stack(0x000077c94c000000,0x000077c94c100000) (1024K)]
  0x000077c96426ee90 JavaThread "C2 CompilerThread7"         daemon [_thread_in_native, id=387653, stack(0x000077c92bf00000,0x000077c92c000000) (1024K)]
Total: 29

Other Threads:
  0x000077ca50269f50 VMThread "VM Thread"                           [id=382122, stack(0x000077ca34bf1000,0x000077ca34cf1000) (1024K)]
  0x000077ca50257b30 WatcherThread "VM Periodic Task Thread"        [id=382120, stack(0x000077ca34cf2000,0x000077ca34df2000) (1024K)]
  0x000077ca5004ade0 WorkerThread "GC Thread#0"                     [id=382112, stack(0x000077ca54021000,0x000077ca54121000) (1024K)]
  0x000077c9d0008b30 WorkerThread "GC Thread#1"                     [id=382261, stack(0x000077c9d674b000,0x000077c9d684b000) (1024K)]
  0x000077c9d00096b0 WorkerThread "GC Thread#2"                     [id=382264, stack(0x000077c9d664a000,0x000077c9d674a000) (1024K)]
  0x000077c9d000a230 WorkerThread "GC Thread#3"                     [id=382265, stack(0x000077c9d6549000,0x000077c9d6649000) (1024K)]
  0x000077c9d000adb0 WorkerThread "GC Thread#4"                     [id=382266, stack(0x000077c9d6448000,0x000077c9d6548000) (1024K)]
  0x000077c9d000b930 WorkerThread "GC Thread#5"                     [id=382267, stack(0x000077c9d6347000,0x000077c9d6447000) (1024K)]
  0x000077c9d000c8d0 WorkerThread "GC Thread#6"                     [id=382268, stack(0x000077c9d6246000,0x000077c9d6346000) (1024K)]
  0x000077c9d000d870 WorkerThread "GC Thread#7"                     [id=382269, stack(0x000077c9d6145000,0x000077c9d6245000) (1024K)]
  0x000077c9d000e810 WorkerThread "GC Thread#8"                     [id=382270, stack(0x000077c9d6044000,0x000077c9d6144000) (1024K)]
  0x000077c9d000f7d0 WorkerThread "GC Thread#9"                     [id=382271, stack(0x000077c9d5f43000,0x000077c9d6043000) (1024K)]
  0x000077c9d00107b0 WorkerThread "GC Thread#10"                    [id=382272, stack(0x000077c9d5e42000,0x000077c9d5f42000) (1024K)]
  0x000077c9d0014eb0 WorkerThread "GC Thread#11"                    [id=382765, stack(0x000077c9d47cf000,0x000077c9d48cf000) (1024K)]
  0x000077c9d00173a0 WorkerThread "GC Thread#12"                    [id=382766, stack(0x000077c9d46ce000,0x000077c9d47ce000) (1024K)]
  0x000077ca500504b0 ConcurrentGCThread "G1 Main Marker"            [id=382113, stack(0x000077ca37f00000,0x000077ca38000000) (1024K)]
  0x000077ca500514e0 WorkerThread "G1 Conc#0"                       [id=382114, stack(0x000077ca37dff000,0x000077ca37eff000) (1024K)]
  0x000077ca2c000d80 WorkerThread "G1 Conc#1"                       [id=382768, stack(0x000077c9d45cd000,0x000077c9d46cd000) (1024K)]
  0x000077ca2c0016a0 WorkerThread "G1 Conc#2"                       [id=382769, stack(0x000077c9d44cc000,0x000077c9d45cc000) (1024K)]
  0x000077ca50246050 ConcurrentGCThread "G1 Refine#0"               [id=382116, stack(0x000077ca34ef4000,0x000077ca34ff4000) (1024K)]
  0x000077ca502470a0 ConcurrentGCThread "G1 Service"                [id=382117, stack(0x000077ca34df3000,0x000077ca34ef3000) (1024K)]
Total: 21

Threads with active compile tasks:
C2 CompilerThread0  13310 9424       4       org.json.JSONObject::writeTo (69 bytes)
C2 CompilerThread1  13310 9166   !   4       android.database.sqlite.SQLiteDatabase::$$robo$$android_database_sqlite_SQLiteDatabase$executeSql (177 bytes)
C2 CompilerThread2  13310 9396       4       java.text.SimpleDateFormat::<init> (70 bytes)
C2 CompilerThread3  13310 9436       4       java.util.Formatter$FormatSpecifier::localizedMagnitude (381 bytes)
C2 CompilerThread4  13310 9408       4       java.text.SimpleDateFormat::subFormat (1264 bytes)
C2 CompilerThread5  13310 9420       4       org.json.JSONStringer::value (125 bytes)
C2 CompilerThread6  13310 9434       4       java.text.SimpleDateFormat::format (171 bytes)
C2 CompilerThread7  13310 9406   !   4       java.text.SimpleDateFormat::zeroPaddingNumber (270 bytes)
Total: 8

VM state: not at safepoint (normal execution)

VM Mutex/Monitor currently owned by a thread: None

Heap address: 0x00000000e0000000, size: 512 MB, Compressed Oops mode: 32-bit

CDS archive(s) mapped at: [0x000077c9db000000-0x000077c9dbc9c000-0x000077c9dbc9c000), size 13221888, SharedBaseAddress: 0x000077c9db000000, ArchiveRelocationMode: 1.
Compressed class space mapped at: 0x000077c9dc000000-0x000077ca1c000000, reserved size: 1073741824
Narrow klass base: 0x000077c9db000000, Narrow klass shift: 0, Narrow klass range: 0x100000000

GC Precious Log:
 CardTable entry size: 512
 Card Set container configuration: InlinePtr #cards 5 size 8 Array Of Cards #cards 12 size 40 Howl #buckets 4 coarsen threshold 1843 Howl Bitmap #cards 512 size 80 coarsen threshold 460 Card regions per heap region 1 cards per card region 2048
 CPUs: 16 total, 16 available
 Memory: 31459M
 Large Page Support: Disabled
 NUMA Support: Disabled
 Compressed Oops: Enabled (32-bit)
 Heap Region Size: 1M
 Heap Min Capacity: 8M
 Heap Initial Capacity: 492M
 Heap Max Capacity: 512M
 Pre-touch: Disabled
 Parallel Workers: 13
 Concurrent Workers: 3
 Concurrent Refinement Workers: 13
 Periodic GC: Disabled

Heap:
 garbage-first heap   total 137216K, used 100058K [0x00000000e0000000, 0x0000000100000000)
  region size 1024K, 23 young (23552K), 3 survivors (3072K)
 Metaspace       used 65453K, committed 69760K, reserved 1114112K
  class space    used 6185K, committed 8128K, reserved 1048576K

Heap Regions: E=young(eden), S=young(survivor), O=old, HS=humongous(starts), HC=humongous(continues), CS=collection set, F=free, TAMS=top-at-mark-start, PB=parsable bottom
|   0|0x00000000e0000000, 0x00000000e0100000, 0x00000000e0100000|100%|HS|  |TAMS 0x00000000e0100000| PB 0x00000000e0000000| Complete 
|   1|0x00000000e0100000, 0x00000000e0200000, 0x00000000e0200000|100%|HS|  |TAMS 0x00000000e0200000| PB 0x00000000e0100000| Complete 
|   2|0x00000000e0200000, 0x00000000e0300000, 0x00000000e0300000|100%| O|  |TAMS 0x00000000e0300000| PB 0x00000000e0200000| Updating 
|   3|0x00000000e0300000, 0x00000000e0400000, 0x00000000e0400000|100%| O|  |TAMS 0x00000000e0400000| PB 0x00000000e0400000| Untracked 
|   4|0x00000000e0400000, 0x00000000e0500000, 0x00000000e0500000|100%| O|  |TAMS 0x00000000e0500000| PB 0x00000000e0500000| Untracked 
|   5|0x00000000e0500000, 0x00000000e0600000, 0x00000000e0600000|100%|HS|  |TAMS 0x00000000e0600000| PB 0x00000000e0500000| Complete 
|   6|0x00000000e0600000, 0x00000000e0700000, 0x00000000e0700000|100%|HC|  |TAMS 0x00000000e0700000| PB 0x00000000e0600000| Complete 
|   7|0x00000000e0700000, 0x00000000e0800000, 0x00000000e0800000|100%|HC|  |TAMS 0x00000000e0800000| PB 0x00000000e0700000| Complete 
|   8|0x00000000e0800000, 0x00000000e0900000, 0x00000000e0900000|100%|HC|  |TAMS 0x00000000e0900000| PB 0x00000000e0800000| Complete 
|   9|0x00000000e0900000, 0x00000000e0a00000, 0x00000000e0a00000|100%|HC|  |TAMS 0x00000000e0a00000| PB 0x00000000e0900000| Complete 
|  10|0x00000000e0a00000, 0x00000000e0b00000, 0x00000000e0b00000|100%|HC|  |TAMS 0x00000000e0b00000| PB 0x00000000e0a00000| Complete 
|  11|0x00000000e0b00000, 0x00000000e0c00000, 0x00000000e0c00000|100%|HC|  |TAMS 0x00000000e0c00000| PB 0x00000000e0b00000| Complete 
|  12|0x00000000e0c00000, 0x00000000e0d00000, 0x00000000e0d00000|100%| O|  |TAMS 0x00000000e0d00000| PB 0x00000000e0d00000| Untracked 
|  13|0x00000000e0d00000, 0x00000000e0e00000, 0x00000000e0e00000|100%| O|  |TAMS 0x00000000e0e00000| PB 0x00000000e0e00000| Untracked 
|  14|0x00000000e0e00000, 0x00000000e0f00000, 0x00000000e0f00000|100%| O|  |TAMS 0x00000000e0f00000| PB 0x00000000e0f00000| Untracked 
|  15|0x00000000e0f00000, 0x00000000e1000000, 0x00000000e1000000|100%| O|  |TAMS 0x00000000e1000000| PB 0x00000000e1000000| Untracked 
|  16|0x00000000e1000000, 0x00000000e1100000, 0x00000000e1100000|100%| O|  |TAMS 0x00000000e1100000| PB 0x00000000e1100000| Untracked 
|  17|0x00000000e1100000, 0x00000000e1200000, 0x00000000e1200000|100%| O|  |TAMS 0x00000000e1200000| PB 0x00000000e1200000| Untracked 
|  18|0x00000000e1200000, 0x00000000e1300000, 0x00000000e1300000|100%| O|  |TAMS 0x00000000e1300000| PB 0x00000000e1300000| Untracked 
|  19|0x00000000e1300000, 0x00000000e1400000, 0x00000000e1400000|100%| O|  |TAMS 0x00000000e1400000| PB 0x00000000e1400000| Untracked 
|  20|0x00000000e1400000, 0x00000000e1500000, 0x00000000e1500000|100%| O|  |TAMS 0x00000000e1500000| PB 0x00000000e1500000| Updating 
|  21|0x00000000e1500000, 0x00000000e1600000, 0x00000000e1600000|100%| O|  |TAMS 0x00000000e1600000| PB 0x00000000e1600000| Untracked 
|  22|0x00000000e1600000, 0x00000000e1700000, 0x00000000e1700000|100%| O|  |TAMS 0x00000000e1700000| PB 0x00000000e1700000| Untracked 
|  23|0x00000000e1700000, 0x00000000e1800000, 0x00000000e1800000|100%| O|  |TAMS 0x00000000e1800000| PB 0x00000000e1800000| Untracked 
|  24|0x00000000e1800000, 0x00000000e1900000, 0x00000000e1900000|100%| O|  |TAMS 0x00000000e1900000| PB 0x00000000e1900000| Untracked 
|  25|0x00000000e1900000, 0x00000000e1a00000, 0x00000000e1a00000|100%|HS|  |TAMS 0x00000000e1a00000| PB 0x00000000e1900000| Complete 
|  26|0x00000000e1a00000, 0x00000000e1b00000, 0x00000000e1b00000|100%|HS|  |TAMS 0x00000000e1b00000| PB 0x00000000e1a00000| Complete 
|  27|0x00000000e1b00000, 0x00000000e1c00000, 0x00000000e1c00000|100%| O|  |TAMS 0x00000000e1c00000| PB 0x00000000e1c00000| Untracked 
|  28|0x00000000e1c00000, 0x00000000e1d00000, 0x00000000e1d00000|100%| O|  |TAMS 0x00000000e1d00000| PB 0x00000000e1d00000| Untracked 
|  29|0x00000000e1d00000, 0x00000000e1e00000, 0x00000000e1e00000|100%| O|  |TAMS 0x00000000e1e00000| PB 0x00000000e1e00000| Untracked 
|  30|0x00000000e1e00000, 0x00000000e1f00000, 0x00000000e1f00000|100%| O|  |TAMS 0x00000000e1f00000| PB 0x00000000e1f00000| Untracked 
|  31|0x00000000e1f00000, 0x00000000e2000000, 0x00000000e2000000|100%| O|  |TAMS 0x00000000e2000000| PB 0x00000000e2000000| Untracked 
|  32|0x00000000e2000000, 0x00000000e2100000, 0x00000000e2100000|100%| O|  |TAMS 0x00000000e2100000| PB 0x00000000e2100000| Untracked 
|  33|0x00000000e2100000, 0x00000000e2200000, 0x00000000e2200000|100%| O|  |TAMS 0x00000000e2200000| PB 0x00000000e2200000| Updating 
|  34|0x00000000e2200000, 0x00000000e2300000, 0x00000000e2300000|100%| O|  |TAMS 0x00000000e2300000| PB 0x00000000e2300000| Untracked 
|  35|0x00000000e2300000, 0x00000000e2400000, 0x00000000e2400000|100%| O|  |TAMS 0x00000000e2400000| PB 0x00000000e2400000| Updating 
|  36|0x00000000e2400000, 0x00000000e2500000, 0x00000000e2500000|100%| O|  |TAMS 0x00000000e2500000| PB 0x00000000e2500000| Untracked 
|  37|0x00000000e2500000, 0x00000000e2600000, 0x00000000e2600000|100%| O|  |TAMS 0x00000000e2500000| PB 0x00000000e2500000| Untracked 
|  38|0x00000000e2600000, 0x00000000e2700000, 0x00000000e2700000|100%| O|  |TAMS 0x00000000e2700000| PB 0x00000000e2700000| Updating 
|  39|0x00000000e2700000, 0x00000000e2800000, 0x00000000e2800000|100%| O|  |TAMS 0x00000000e2800000| PB 0x00000000e2800000| Untracked 
|  40|0x00000000e2800000, 0x00000000e2900000, 0x00000000e2900000|100%| O|  |TAMS 0x00000000e2900000| PB 0x00000000e2900000| Untracked 
|  41|0x00000000e2900000, 0x00000000e2a00000, 0x00000000e2a00000|100%| O|  |TAMS 0x00000000e2a00000| PB 0x00000000e2a00000| Untracked 
|  42|0x00000000e2a00000, 0x00000000e2b00000, 0x00000000e2b00000|100%| O|  |TAMS 0x00000000e2b00000| PB 0x00000000e2b00000| Untracked 
|  43|0x00000000e2b00000, 0x00000000e2c00000, 0x00000000e2c00000|100%| O|  |TAMS 0x00000000e2c00000| PB 0x00000000e2c00000| Untracked 
|  44|0x00000000e2c00000, 0x00000000e2d00000, 0x00000000e2d00000|100%| O|  |TAMS 0x00000000e2d00000| PB 0x00000000e2d00000| Untracked 
|  45|0x00000000e2d00000, 0x00000000e2e00000, 0x00000000e2e00000|100%| O|  |TAMS 0x00000000e2e00000| PB 0x00000000e2e00000| Untracked 
|  46|0x00000000e2e00000, 0x00000000e2f00000, 0x00000000e2f00000|100%| O|  |TAMS 0x00000000e2f00000| PB 0x00000000e2f00000| Untracked 
|  47|0x00000000e2f00000, 0x00000000e3000000, 0x00000000e3000000|100%|HS|  |TAMS 0x00000000e3000000| PB 0x00000000e2f00000| Complete 
|  48|0x00000000e3000000, 0x00000000e3100000, 0x00000000e3100000|100%|HC|  |TAMS 0x00000000e3100000| PB 0x00000000e3000000| Complete 
|  49|0x00000000e3100000, 0x00000000e3200000, 0x00000000e3200000|100%|HC|  |TAMS 0x00000000e3200000| PB 0x00000000e3100000| Complete 
|  50|0x00000000e3200000, 0x00000000e3300000, 0x00000000e3300000|100%|HC|  |TAMS 0x00000000e3300000| PB 0x00000000e3200000| Complete 
|  51|0x00000000e3300000, 0x00000000e3400000, 0x00000000e3400000|100%|HC|  |TAMS 0x00000000e3400000| PB 0x00000000e3300000| Complete 
|  52|0x00000000e3400000, 0x00000000e3500000, 0x00000000e3500000|100%|HC|  |TAMS 0x00000000e3500000| PB 0x00000000e3400000| Complete 
|  53|0x00000000e3500000, 0x00000000e3600000, 0x00000000e3600000|100%|HC|  |TAMS 0x00000000e3600000| PB 0x00000000e3500000| Complete 
|  54|0x00000000e3600000, 0x00000000e3700000, 0x00000000e3700000|100%|HC|  |TAMS 0x00000000e3700000| PB 0x00000000e3600000| Complete 
|  55|0x00000000e3700000, 0x00000000e3800000, 0x00000000e3800000|100%|HC|  |TAMS 0x00000000e3800000| PB 0x00000000e3700000| Complete 
|  56|0x00000000e3800000, 0x00000000e3900000, 0x00000000e3900000|100%|HC|  |TAMS 0x00000000e3900000| PB 0x00000000e3800000| Complete 
|  57|0x00000000e3900000, 0x00000000e3a00000, 0x00000000e3a00000|100%|HC|  |TAMS 0x00000000e3a00000| PB 0x00000000e3900000| Complete 
|  58|0x00000000e3a00000, 0x00000000e3b00000, 0x00000000e3b00000|100%|HC|  |TAMS 0x00000000e3b00000| PB 0x00000000e3a00000| Complete 
|  59|0x00000000e3b00000, 0x00000000e3c00000, 0x00000000e3c00000|100%|HC|  |TAMS 0x00000000e3c00000| PB 0x00000000e3b00000| Complete 
|  60|0x00000000e3c00000, 0x00000000e3d00000, 0x00000000e3d00000|100%|HC|  |TAMS 0x00000000e3d00000| PB 0x00000000e3c00000| Complete 
|  61|0x00000000e3d00000, 0x00000000e3e00000, 0x00000000e3e00000|100%|HC|  |TAMS 0x00000000e3e00000| PB 0x00000000e3d00000| Complete 
|  62|0x00000000e3e00000, 0x00000000e3f00000, 0x00000000e3f00000|100%|HC|  |TAMS 0x00000000e3f00000| PB 0x00000000e3e00000| Complete 
|  63|0x00000000e3f00000, 0x00000000e4000000, 0x00000000e4000000|100%| O|  |TAMS 0x00000000e3f0e1c0| PB 0x00000000e3f0e1c0| Untracked 
|  64|0x00000000e4000000, 0x00000000e4100000, 0x00000000e4100000|100%| O|  |TAMS 0x00000000e4100000| PB 0x00000000e4100000| Untracked 
|  65|0x00000000e4100000, 0x00000000e4200000, 0x00000000e4200000|100%| O|  |TAMS 0x00000000e4200000| PB 0x00000000e4200000| Untracked 
|  66|0x00000000e4200000, 0x00000000e4300000, 0x00000000e4300000|100%| O|  |TAMS 0x00000000e4300000| PB 0x00000000e4300000| Untracked 
|  67|0x00000000e4300000, 0x00000000e4400000, 0x00000000e4400000|100%| O|  |TAMS 0x00000000e4400000| PB 0x00000000e4400000| Untracked 
|  68|0x00000000e4400000, 0x00000000e4500000, 0x00000000e4500000|100%| O|  |TAMS 0x00000000e4500000| PB 0x00000000e4500000| Updating 
|  69|0x00000000e4500000, 0x00000000e4600000, 0x00000000e4600000|100%| O|  |TAMS 0x00000000e4600000| PB 0x00000000e4600000| Untracked 
|  70|0x00000000e4600000, 0x00000000e4700000, 0x00000000e4700000|100%| O|  |TAMS 0x00000000e4700000| PB 0x00000000e4700000| Updating 
|  71|0x00000000e4700000, 0x00000000e4800000, 0x00000000e4800000|100%| O|  |TAMS 0x00000000e4800000| PB 0x00000000e4800000| Untracked 
|  72|0x00000000e4800000, 0x00000000e4900000, 0x00000000e4900000|100%| O|  |TAMS 0x00000000e4900000| PB 0x00000000e4900000| Untracked 
|  73|0x00000000e4900000, 0x00000000e4943440, 0x00000000e4a00000| 26%| O|  |TAMS 0x00000000e4900000| PB 0x00000000e4900000| Updating 
|  74|0x00000000e4a00000, 0x00000000e4b00000, 0x00000000e4b00000|100%|HS|  |TAMS 0x00000000e4a00000| PB 0x00000000e4a00000| Complete 
|  75|0x00000000e4b00000, 0x00000000e4b00000, 0x00000000e4c00000|  0%| F|  |TAMS 0x00000000e4b00000| PB 0x00000000e4b00000| Untracked 
|  76|0x00000000e4c00000, 0x00000000e4c00000, 0x00000000e4d00000|  0%| F|  |TAMS 0x00000000e4c00000| PB 0x00000000e4c00000| Untracked 
|  77|0x00000000e4d00000, 0x00000000e4d00000, 0x00000000e4e00000|  0%| F|  |TAMS 0x00000000e4d00000| PB 0x00000000e4d00000| Untracked 
|  78|0x00000000e4e00000, 0x00000000e4e00000, 0x00000000e4f00000|  0%| F|  |TAMS 0x00000000e4e00000| PB 0x00000000e4e00000| Untracked 
|  79|0x00000000e4f00000, 0x00000000e4f00000, 0x00000000e5000000|  0%| F|  |TAMS 0x00000000e4f00000| PB 0x00000000e4f00000| Untracked 
|  80|0x00000000e5000000, 0x00000000e5000000, 0x00000000e5100000|  0%| F|  |TAMS 0x00000000e5000000| PB 0x00000000e5000000| Untracked 
|  81|0x00000000e5100000, 0x00000000e5100000, 0x00000000e5200000|  0%| F|  |TAMS 0x00000000e5100000| PB 0x00000000e5100000| Untracked 
|  82|0x00000000e5200000, 0x00000000e5200000, 0x00000000e5300000|  0%| F|  |TAMS 0x00000000e5200000| PB 0x00000000e5200000| Untracked 
|  83|0x00000000e5300000, 0x00000000e5300000, 0x00000000e5400000|  0%| F|  |TAMS 0x00000000e5300000| PB 0x00000000e5300000| Untracked 
|  84|0x00000000e5400000, 0x00000000e5400000, 0x00000000e5500000|  0%| F|  |TAMS 0x00000000e5400000| PB 0x00000000e5400000| Untracked 
|  85|0x00000000e5500000, 0x00000000e5500000, 0x00000000e5600000|  0%| F|  |TAMS 0x00000000e5500000| PB 0x00000000e5500000| Untracked 
|  86|0x00000000e5600000, 0x00000000e5600000, 0x00000000e5700000|  0%| F|  |TAMS 0x00000000e5600000| PB 0x00000000e5600000| Untracked 
|  87|0x00000000e5700000, 0x00000000e5700000, 0x00000000e5800000|  0%| F|  |TAMS 0x00000000e5700000| PB 0x00000000e5700000| Untracked 
|  88|0x00000000e5800000, 0x00000000e5800000, 0x00000000e5900000|  0%| F|  |TAMS 0x00000000e5800000| PB 0x00000000e5800000| Untracked 
|  89|0x00000000e5900000, 0x00000000e5900000, 0x00000000e5a00000|  0%| F|  |TAMS 0x00000000e5900000| PB 0x00000000e5900000| Untracked 
|  90|0x00000000e5a00000, 0x00000000e5a00000, 0x00000000e5b00000|  0%| F|  |TAMS 0x00000000e5a00000| PB 0x00000000e5a00000| Untracked 
|  91|0x00000000e5b00000, 0x00000000e5b00000, 0x00000000e5c00000|  0%| F|  |TAMS 0x00000000e5b00000| PB 0x00000000e5b00000| Untracked 
|  92|0x00000000e5c00000, 0x00000000e5c00000, 0x00000000e5d00000|  0%| F|  |TAMS 0x00000000e5c00000| PB 0x00000000e5c00000| Untracked 
|  93|0x00000000e5d00000, 0x00000000e5d00000, 0x00000000e5e00000|  0%| F|  |TAMS 0x00000000e5d00000| PB 0x00000000e5d00000| Untracked 
|  94|0x00000000e5e00000, 0x00000000e5e00000, 0x00000000e5f00000|  0%| F|  |TAMS 0x00000000e5e00000| PB 0x00000000e5e00000| Untracked 
|  95|0x00000000e5f00000, 0x00000000e5f00000, 0x00000000e6000000|  0%| F|  |TAMS 0x00000000e5f00000| PB 0x00000000e5f00000| Untracked 
|  96|0x00000000e6000000, 0x00000000e6000000, 0x00000000e6100000|  0%| F|  |TAMS 0x00000000e6000000| PB 0x00000000e6000000| Untracked 
|  97|0x00000000e6100000, 0x00000000e6100000, 0x00000000e6200000|  0%| F|  |TAMS 0x00000000e6100000| PB 0x00000000e6100000| Untracked 
|  98|0x00000000e6200000, 0x00000000e6200000, 0x00000000e6300000|  0%| F|  |TAMS 0x00000000e6200000| PB 0x00000000e6200000| Untracked 
|  99|0x00000000e6300000, 0x00000000e6300000, 0x00000000e6400000|  0%| F|  |TAMS 0x00000000e6300000| PB 0x00000000e6300000| Untracked 
| 100|0x00000000e6400000, 0x00000000e6400000, 0x00000000e6500000|  0%| F|  |TAMS 0x00000000e6400000| PB 0x00000000e6400000| Untracked 
| 101|0x00000000e6500000, 0x00000000e6500000, 0x00000000e6600000|  0%| F|  |TAMS 0x00000000e6500000| PB 0x00000000e6500000| Untracked 
| 102|0x00000000e6600000, 0x00000000e6600000, 0x00000000e6700000|  0%| F|  |TAMS 0x00000000e6600000| PB 0x00000000e6600000| Untracked 
| 103|0x00000000e6700000, 0x00000000e6700000, 0x00000000e6800000|  0%| F|  |TAMS 0x00000000e6700000| PB 0x00000000e6700000| Untracked 
| 104|0x00000000e6800000, 0x00000000e6800000, 0x00000000e6900000|  0%| F|  |TAMS 0x00000000e6800000| PB 0x00000000e6800000| Untracked 
| 105|0x00000000e6900000, 0x00000000e6a00000, 0x00000000e6a00000|100%| E|CS|TAMS 0x00000000e6900000| PB 0x00000000e6900000| Complete 
| 106|0x00000000e6a00000, 0x00000000e6b00000, 0x00000000e6b00000|100%| E|CS|TAMS 0x00000000e6a00000| PB 0x00000000e6a00000| Complete 
| 107|0x00000000e6b00000, 0x00000000e6c00000, 0x00000000e6c00000|100%| E|CS|TAMS 0x00000000e6b00000| PB 0x00000000e6b00000| Complete 
| 108|0x00000000e6c00000, 0x00000000e6d00000, 0x00000000e6d00000|100%| E|CS|TAMS 0x00000000e6c00000| PB 0x00000000e6c00000| Complete 
| 109|0x00000000e6d00000, 0x00000000e6e00000, 0x00000000e6e00000|100%| E|CS|TAMS 0x00000000e6d00000| PB 0x00000000e6d00000| Complete 
| 110|0x00000000e6e00000, 0x00000000e6f00000, 0x00000000e6f00000|100%| E|CS|TAMS 0x00000000e6e00000| PB 0x00000000e6e00000| Complete 
| 111|0x00000000e6f00000, 0x00000000e7000000, 0x00000000e7000000|100%| E|CS|TAMS 0x00000000e6f00000| PB 0x00000000e6f00000| Complete 
| 112|0x00000000e7000000, 0x00000000e7100000, 0x00000000e7100000|100%| E|CS|TAMS 0x00000000e7000000| PB 0x00000000e7000000| Complete 
| 113|0x00000000e7100000, 0x00000000e7200000, 0x00000000e7200000|100%| E|CS|TAMS 0x00000000e7100000| PB 0x00000000e7100000| Complete 
| 114|0x00000000e7200000, 0x00000000e7300000, 0x00000000e7300000|100%| E|CS|TAMS 0x00000000e7200000| PB 0x00000000e7200000| Complete 
| 115|0x00000000e7300000, 0x00000000e7400000, 0x00000000e7400000|100%| E|CS|TAMS 0x00000000e7300000| PB 0x00000000e7300000| Complete 
| 116|0x00000000e7400000, 0x00000000e7400000, 0x00000000e7500000|  0%| F|  |TAMS 0x00000000e7400000| PB 0x00000000e7400000| Untracked 
| 117|0x00000000e7500000, 0x00000000e7500000, 0x00000000e7600000|  0%| F|  |TAMS 0x00000000e7500000| PB 0x00000000e7500000| Untracked 
| 118|0x00000000e7600000, 0x00000000e7600000, 0x00000000e7700000|  0%| F|  |TAMS 0x00000000e7600000| PB 0x00000000e7600000| Untracked 
| 119|0x00000000e7700000, 0x00000000e7780000, 0x00000000e7800000| 50%| E|  |TAMS 0x00000000e7700000| PB 0x00000000e7700000| Complete 
| 120|0x00000000e7800000, 0x00000000e7900000, 0x00000000e7900000|100%| E|CS|TAMS 0x00000000e7800000| PB 0x00000000e7800000| Complete 
| 443|0x00000000fbb00000, 0x00000000fbc00000, 0x00000000fbc00000|100%| E|CS|TAMS 0x00000000fbb00000| PB 0x00000000fbb00000| Complete 
| 444|0x00000000fbc00000, 0x00000000fbd00000, 0x00000000fbd00000|100%| E|CS|TAMS 0x00000000fbc00000| PB 0x00000000fbc00000| Complete 
| 445|0x00000000fbd00000, 0x00000000fbe00000, 0x00000000fbe00000|100%| E|CS|TAMS 0x00000000fbd00000| PB 0x00000000fbd00000| Complete 
| 446|0x00000000fbe00000, 0x00000000fbf00000, 0x00000000fbf00000|100%| E|CS|TAMS 0x00000000fbe00000| PB 0x00000000fbe00000| Complete 
| 447|0x00000000fbf00000, 0x00000000fc000000, 0x00000000fc000000|100%| E|CS|TAMS 0x00000000fbf00000| PB 0x00000000fbf00000| Complete 
| 448|0x00000000fc000000, 0x00000000fc100000, 0x00000000fc100000|100%| E|CS|TAMS 0x00000000fc000000| PB 0x00000000fc000000| Complete 
| 449|0x00000000fc100000, 0x00000000fc173470, 0x00000000fc200000| 45%| S|CS|TAMS 0x00000000fc100000| PB 0x00000000fc100000| Complete 
| 450|0x00000000fc200000, 0x00000000fc300000, 0x00000000fc300000|100%| S|CS|TAMS 0x00000000fc200000| PB 0x00000000fc200000| Complete 
| 491|0x00000000feb00000, 0x00000000fec00000, 0x00000000fec00000|100%| S|CS|TAMS 0x00000000feb00000| PB 0x00000000feb00000| Complete 
| 508|0x00000000ffc00000, 0x00000000ffd00000, 0x00000000ffd00000|100%| E|CS|TAMS 0x00000000ffc00000| PB 0x00000000ffc00000| Complete 
| 509|0x00000000ffd00000, 0x00000000ffe00000, 0x00000000ffe00000|100%| O|  |TAMS 0x00000000ffe00000| PB 0x00000000ffd00000| Untracked 
| 510|0x00000000ffe00000, 0x00000000fff00000, 0x00000000fff00000|100%| O|  |TAMS 0x00000000fff00000| PB 0x00000000ffe00000| Untracked 
| 511|0x00000000fff00000, 0x0000000100000000, 0x0000000100000000|100%| E|CS|TAMS 0x00000000fff00000| PB 0x00000000fff00000| Complete 

Card table byte_map: [0x000077ca54121000,0x000077ca54221000] _byte_map_base: 0x000077ca53a21000

Marking Bits: (CMBitMap*) 0x000077ca5004b9a0
 Bits: [0x000077ca38000000, 0x000077ca38800000)

Polling page: 0x000077ca56ccc000

Metaspace:

Usage:
  Non-class:     57.88 MB used.
      Class:      6.04 MB used.
       Both:     63.92 MB used.

Virtual space:
  Non-class space:       64.00 MB reserved,      60.19 MB ( 94%) committed,  1 nodes.
      Class space:        1.00 GB reserved,       7.94 MB ( <1%) committed,  1 nodes.
             Both:        1.06 GB reserved,      68.12 MB (  6%) committed. 

Chunk freelists:
   Non-Class:  3.41 MB
       Class:  7.97 MB
        Both:  11.37 MB

MaxMetaspaceSize: unlimited
CompressedClassSpaceSize: 1.00 GB
Initial GC threshold: 21.00 MB
Current GC threshold: 113.56 MB
CDS: on
 - commit_granule_bytes: 65536.
 - commit_granule_words: 8192.
 - virtual_space_node_default_size: 8388608.
 - enlarge_chunks_in_place: 1.
 - use_allocation_guard: 0.


Internal statistics:

num_allocs_failed_limit: 6.
num_arena_births: 7516.
num_arena_deaths: 0.
num_vsnodes_births: 2.
num_vsnodes_deaths: 0.
num_space_committed: 1085.
num_space_uncommitted: 0.
num_chunks_returned_to_freelist: 6.
num_chunks_taken_from_freelist: 10572.
num_chunk_merges: 6.
num_chunk_splits: 7170.
num_chunks_enlarged: 4244.
num_inconsistent_stats: 0.

CodeHeap 'non-profiled nmethods': size=119168Kb used=6020Kb max_used=6094Kb free=113147Kb
 bounds [0x000077ca403a0000, 0x000077ca409a0000, 0x000077ca47800000]
CodeHeap 'profiled nmethods': size=119164Kb used=21959Kb max_used=22614Kb free=97204Kb
 bounds [0x000077ca38800000, 0x000077ca39e20000, 0x000077ca3fc5f000]
CodeHeap 'non-nmethods': size=7428Kb used=4163Kb max_used=4257Kb free=3264Kb
 bounds [0x000077ca3fc5f000, 0x000077ca4009f000, 0x000077ca403a0000]
CodeCache: size=245760Kb, used=32142Kb, max_used=32965Kb, free=213615Kb
 total_blobs=9292, nmethods=7900, adapters=1294, full_count=0
Compilation: enabled, stopped_count=0, restarted_count=0

Compilation events (20 events):
Event: 13.183 Thread 0x000077ca5027ab50 nmethod 9273 0x000077ca40839690 code [0x000077ca40839840, 0x000077ca40839b60]
Event: 13.183 Thread 0x000077ca5027ab50 9299       4       java.lang.StringUTF16::getChars (42 bytes)
Event: 13.183 Thread 0x000077c99828f2a0 nmethod 9298 0x000077ca40839310 code [0x000077ca408394a0, 0x000077ca40839590]
Event: 13.183 Thread 0x000077c99828f2a0 9300       4       sun.util.calendar.ZoneInfo::getOffsets (342 bytes)
Event: 13.184 Thread 0x000077ca5027c2a0 nmethod 9297 0x000077ca39a48f90 code [0x000077ca39a49640, 0x000077ca39a4c778]
Event: 13.184 Thread 0x000077c9b006f9b0 9302       3       org.pimalaya.PimdirSummary::canonical (91 bytes)
Event: 13.184 Thread 0x000077ca5027c2a0 9303       3       java.text.SimpleDateFormat::format (171 bytes)
Event: 13.185 Thread 0x000077ca5027c2a0 nmethod 9303 0x000077ca39253810 code [0x000077ca39253a80, 0x000077ca39254780]
Event: 13.185 Thread 0x000077c9b006f9b0 nmethod 9302 0x000077ca38a08990 code [0x000077ca38a08d20, 0x000077ca38a09f00]
Event: 13.185 Thread 0x000077c9b00713d0 9305       3       java.util.Formatter$FormatSpecifier::leadingSign (80 bytes)
Event: 13.185 Thread 0x000077c9b0070680 9306       3       java.util.Formatter::getDecimalFormatSymbols (32 bytes)
Event: 13.185 Thread 0x000077ca5027ab50 nmethod 9299 0x000077ca40838d10 code [0x000077ca40838ea0, 0x000077ca40839118]
Event: 13.185 Thread 0x000077ca5027ab50 9304       4       java.lang.Long::parseLong (272 bytes)
Event: 13.185 Thread 0x000077c9b0070680 nmethod 9306 0x000077ca38fd9b90 code [0x000077ca38fd9d60, 0x000077ca38fd9fe0]
Event: 13.185 Thread 0x000077c9b00713d0 nmethod 9305 0x000077ca389ee910 code [0x000077ca389eeb40, 0x000077ca389ef208]
Event: 13.186 Thread 0x000077ca5027c2a0 9307       3       java.util.Formatter$FormatSpecifier::checkNumeric (126 bytes)
Event: 13.186 Thread 0x000077ca5027c2a0 nmethod 9307 0x000077ca391a7d10 code [0x000077ca391a7f60, 0x000077ca391a8678]
Event: 13.186 Thread 0x000077c99828f2a0 nmethod 9300 0x000077ca40838210 code [0x000077ca408383c0, 0x000077ca40838860]
Event: 13.186 Thread 0x000077c99828f2a0 9301       4       java.util.Formatter$Flags::contains (13 bytes)
Event: 13.186 Thread 0x000077c99828f2a0 nmethod 9301 0x000077ca40837f10 code [0x000077ca40838080, 0x000077ca408380f8]

GC Heap History (20 events):
Event: 6.781 GC heap before
{Heap before GC invocations=15 (full 0):
 garbage-first heap   total 114688K, used 100431K [0x00000000e0000000, 0x0000000100000000)
  region size 1024K, 33 young (33792K), 4 survivors (4096K)
 Metaspace       used 57092K, committed 60288K, reserved 1114112K
  class space    used 5396K, committed 6784K, reserved 1048576K
}
Event: 6.795 GC heap after
{Heap after GC invocations=16 (full 0):
 garbage-first heap   total 114688K, used 72856K [0x00000000e0000000, 0x0000000100000000)
  region size 1024K, 5 young (5120K), 5 survivors (5120K)
 Metaspace       used 57092K, committed 60288K, reserved 1114112K
  class space    used 5396K, committed 6784K, reserved 1048576K
}
Event: 7.192 GC heap before
{Heap before GC invocations=17 (full 0):
 garbage-first heap   total 124928K, used 101528K [0x00000000e0000000, 0x0000000100000000)
  region size 1024K, 33 young (33792K), 5 survivors (5120K)
 Metaspace       used 58154K, committed 61312K, reserved 1114112K
  class space    used 5445K, committed 6848K, reserved 1048576K
}
Event: 7.207 GC heap after
{Heap after GC invocations=18 (full 0):
 garbage-first heap   total 124928K, used 73573K [0x00000000e0000000, 0x0000000100000000)
  region size 1024K, 3 young (3072K), 3 survivors (3072K)
 Metaspace       used 58154K, committed 61312K, reserved 1114112K
  class space    used 5445K, committed 6848K, reserved 1048576K
}
Event: 8.543 GC heap before
{Heap before GC invocations=18 (full 0):
 garbage-first heap   total 124928K, used 110437K [0x00000000e0000000, 0x0000000100000000)
  region size 1024K, 39 young (39936K), 3 survivors (3072K)
 Metaspace       used 61580K, committed 65536K, reserved 1114112K
  class space    used 5903K, committed 7680K, reserved 1048576K
}
Event: 8.559 GC heap after
{Heap after GC invocations=19 (full 0):
 garbage-first heap   total 124928K, used 75666K [0x00000000e0000000, 0x0000000100000000)
  region size 1024K, 5 young (5120K), 5 survivors (5120K)
 Metaspace       used 61580K, committed 65536K, reserved 1114112K
  class space    used 5903K, committed 7680K, reserved 1048576K
}
Event: 11.631 GC heap before
{Heap before GC invocations=19 (full 0):
 garbage-first heap   total 124928K, used 111506K [0x00000000e0000000, 0x0000000100000000)
  region size 1024K, 40 young (40960K), 5 survivors (5120K)
 Metaspace       used 62173K, committed 66112K, reserved 1114112K
  class space    used 5924K, committed 7744K, reserved 1048576K
}
Event: 11.634 GC heap after
{Heap after GC invocations=20 (full 0):
 garbage-first heap   total 124928K, used 76933K [0x00000000e0000000, 0x0000000100000000)
  region size 1024K, 3 young (3072K), 3 survivors (3072K)
 Metaspace       used 62173K, committed 66112K, reserved 1114112K
  class space    used 5924K, committed 7744K, reserved 1048576K
}
Event: 11.880 GC heap before
{Heap before GC invocations=21 (full 0):
 garbage-first heap   total 130048K, used 112773K [0x00000000e0000000, 0x0000000100000000)
  region size 1024K, 38 young (38912K), 3 survivors (3072K)
 Metaspace       used 62654K, committed 66688K, reserved 1114112K
  class space    used 5974K, committed 7808K, reserved 1048576K
}
Event: 11.882 GC heap after
{Heap after GC invocations=22 (full 0):
 garbage-first heap   total 130048K, used 77359K [0x00000000e0000000, 0x0000000100000000)
  region size 1024K, 3 young (3072K), 3 survivors (3072K)
 Metaspace       used 62654K, committed 66688K, reserved 1114112K
  class space    used 5974K, committed 7808K, reserved 1048576K
}
Event: 12.101 GC heap before
{Heap before GC invocations=22 (full 0):
 garbage-first heap   total 130048K, used 117295K [0x00000000e0000000, 0x0000000100000000)
  region size 1024K, 42 young (43008K), 3 survivors (3072K)
 Metaspace       used 62879K, committed 66880K, reserved 1114112K
  class space    used 5978K, committed 7808K, reserved 1048576K
}
Event: 12.103 GC heap after
{Heap after GC invocations=23 (full 0):
 garbage-first heap   total 130048K, used 76772K [0x00000000e0000000, 0x0000000100000000)
  region size 1024K, 4 young (4096K), 4 survivors (4096K)
 Metaspace       used 62879K, committed 66880K, reserved 1114112K
  class space    used 5978K, committed 7808K, reserved 1048576K
}
Event: 12.314 GC heap before
{Heap before GC invocations=23 (full 0):
 garbage-first heap   total 130048K, used 116708K [0x00000000e0000000, 0x0000000100000000)
  region size 1024K, 44 young (45056K), 4 survivors (4096K)
 Metaspace       used 64089K, committed 68352K, reserved 1114112K
  class space    used 6127K, committed 8064K, reserved 1048576K
}
Event: 12.316 GC heap after
{Heap after GC invocations=24 (full 0):
 garbage-first heap   total 130048K, used 77601K [0x00000000e0000000, 0x0000000100000000)
  region size 1024K, 4 young (4096K), 4 survivors (4096K)
 Metaspace       used 64089K, committed 68352K, reserved 1114112K
  class space    used 6127K, committed 8064K, reserved 1048576K
}
Event: 12.565 GC heap before
{Heap before GC invocations=25 (full 0):
 garbage-first heap   total 130048K, used 118561K [0x00000000e0000000, 0x0000000100000000)
  region size 1024K, 44 young (45056K), 4 survivors (4096K)
 Metaspace       used 64612K, committed 68928K, reserved 1114112K
  class space    used 6154K, committed 8128K, reserved 1048576K
}
Event: 12.568 GC heap after
{Heap after GC invocations=26 (full 0):
 garbage-first heap   total 130048K, used 78346K [0x00000000e0000000, 0x0000000100000000)
  region size 1024K, 3 young (3072K), 3 survivors (3072K)
 Metaspace       used 64612K, committed 68928K, reserved 1114112K
  class space    used 6154K, committed 8128K, reserved 1048576K
}
Event: 12.827 GC heap before
{Heap before GC invocations=26 (full 0):
 garbage-first heap   total 130048K, used 119306K [0x00000000e0000000, 0x0000000100000000)
  region size 1024K, 43 young (44032K), 3 survivors (3072K)
 Metaspace       used 64832K, committed 69184K, reserved 1114112K
  class space    used 6161K, committed 8128K, reserved 1048576K
}
Event: 12.828 GC heap after
{Heap after GC invocations=27 (full 0):
 garbage-first heap   total 130048K, used 77918K [0x00000000e0000000, 0x0000000100000000)
  region size 1024K, 3 young (3072K), 3 survivors (3072K)
 Metaspace       used 64832K, committed 69184K, reserved 1114112K
  class space    used 6161K, committed 8128K, reserved 1048576K
}
Event: 13.040 GC heap before
{Heap before GC invocations=27 (full 0):
 garbage-first heap   total 130048K, used 118878K [0x00000000e0000000, 0x0000000100000000)
  region size 1024K, 43 young (44032K), 3 survivors (3072K)
 Metaspace       used 65134K, committed 69376K, reserved 1114112K
  class space    used 6181K, committed 8128K, reserved 1048576K
}
Event: 13.041 GC heap after
{Heap after GC invocations=28 (full 0):
 garbage-first heap   total 130048K, used 78199K [0x00000000e0000000, 0x0000000100000000)
  region size 1024K, 3 young (3072K), 3 survivors (3072K)
 Metaspace       used 65134K, committed 69376K, reserved 1114112K
  class space    used 6181K, committed 8128K, reserved 1048576K
}

Dll operation events (13 events):
Event: 0.003 Loaded shared library /nix/store/cl36jmhc6yq7a0l3lpcxij8xah07wfl4-openjdk-21.0.10+7/lib/openjdk/lib/libjava.so
Event: 0.035 Loaded shared library /nix/store/cl36jmhc6yq7a0l3lpcxij8xah07wfl4-openjdk-21.0.10+7/lib/openjdk/lib/libjsvml.so
Event: 0.066 Loaded shared library /nix/store/cl36jmhc6yq7a0l3lpcxij8xah07wfl4-openjdk-21.0.10+7/lib/openjdk/lib/libnio.so
Event: 0.070 Loaded shared library /nix/store/cl36jmhc6yq7a0l3lpcxij8xah07wfl4-openjdk-21.0.10+7/lib/openjdk/lib/libzip.so
Event: 0.142 Loaded shared library /nix/store/cl36jmhc6yq7a0l3lpcxij8xah07wfl4-openjdk-21.0.10+7/lib/openjdk/lib/libverify.so
Event: 0.153 Loaded shared library /nix/store/cl36jmhc6yq7a0l3lpcxij8xah07wfl4-openjdk-21.0.10+7/lib/openjdk/lib/libjimage.so
Event: 0.197 Loaded shared library /nix/store/cl36jmhc6yq7a0l3lpcxij8xah07wfl4-openjdk-21.0.10+7/lib/openjdk/lib/libnet.so
Event: 0.511 Loaded shared library /nix/store/cl36jmhc6yq7a0l3lpcxij8xah07wfl4-openjdk-21.0.10+7/lib/openjdk/lib/libextnet.so
Event: 2.785 Loaded shared library /tmp/robolectric-nativeruntime3304748440562410128/libandroid_runtime.so
Event: 3.736 Loaded shared library /tmp/libconscrypt_openjdk_jni-linux-x86_6417915723948450000.so
Event: 6.747 Loaded shared library /nix/store/cl36jmhc6yq7a0l3lpcxij8xah07wfl4-openjdk-21.0.10+7/lib/openjdk/lib/libawt.so
Event: 6.748 Loaded shared library /nix/store/cl36jmhc6yq7a0l3lpcxij8xah07wfl4-openjdk-21.0.10+7/lib/openjdk/lib/libawt_headless.so
Event: 7.276 Loaded shared library /home/soywod/code/pimalaya/android/rust/target/debug/libpimalaya.so

Deoptimization events (20 events):
Event: 13.108 Thread 0x000077ca50999340 Uncommon trap: trap_request=0xffffff45 fr.pc=0x000077ca40877a98 relative=0x00000000000005b8
Event: 13.108 Thread 0x000077ca50999340 Uncommon trap: reason=unstable_if action=reinterpret pc=0x000077ca40877a98 method=com.google.common.base.Objects.equal(Ljava/lang/Object;Ljava/lang/Object;)Z @ 14 c2
Event: 13.108 Thread 0x000077ca50999340 DEOPT PACKING pc=0x000077ca40877a98 sp=0x000077c9d5e3cfb0
Event: 13.108 Thread 0x000077ca50999340 DEOPT UNPACKING pc=0x000077ca3fcb2f99 sp=0x000077c9d5e3cd30 mode 2
Event: 13.108 Thread 0x000077ca50999340 Uncommon trap: trap_request=0xffffff45 fr.pc=0x000077ca408db16c relative=0x0000000000004b6c
Event: 13.108 Thread 0x000077ca50999340 Uncommon trap: reason=unstable_if action=reinterpret pc=0x000077ca408db16c method=com.google.common.base.Objects.equal(Ljava/lang/Object;Ljava/lang/Object;)Z @ 14 c2
Event: 13.108 Thread 0x000077ca50999340 DEOPT PACKING pc=0x000077ca408db16c sp=0x000077c9d5e3d050
Event: 13.108 Thread 0x000077ca50999340 DEOPT UNPACKING pc=0x000077ca3fcb2f99 sp=0x000077c9d5e3c970 mode 2
Event: 13.108 Thread 0x000077ca50999340 Uncommon trap: trap_request=0xffffff45 fr.pc=0x000077ca4047b00c relative=0x00000000000002cc
Event: 13.108 Thread 0x000077ca50999340 Uncommon trap: reason=unstable_if action=reinterpret pc=0x000077ca4047b00c method=com.google.common.base.Objects.equal(Ljava/lang/Object;Ljava/lang/Object;)Z @ 14 c2
Event: 13.108 Thread 0x000077ca50999340 DEOPT PACKING pc=0x000077ca4047b00c sp=0x000077c9d5e3cd80
Event: 13.108 Thread 0x000077ca50999340 DEOPT UNPACKING pc=0x000077ca3fcb2f99 sp=0x000077c9d5e3cb88 mode 2
Event: 13.109 Thread 0x000077ca50999340 Uncommon trap: trap_request=0xffffff45 fr.pc=0x000077ca405b0708 relative=0x00000000000001c8
Event: 13.109 Thread 0x000077ca50999340 Uncommon trap: reason=unstable_if action=reinterpret pc=0x000077ca405b0708 method=com.google.common.base.Objects.equal(Ljava/lang/Object;Ljava/lang/Object;)Z @ 14 c2
Event: 13.109 Thread 0x000077ca50999340 DEOPT PACKING pc=0x000077ca405b0708 sp=0x000077c9d5e3c8c0
Event: 13.109 Thread 0x000077ca50999340 DEOPT UNPACKING pc=0x000077ca3fcb2f99 sp=0x000077c9d5e3c780 mode 2
Event: 13.109 Thread 0x000077ca50999340 Uncommon trap: trap_request=0xffffff45 fr.pc=0x000077ca405b1f60 relative=0x00000000000001a0
Event: 13.109 Thread 0x000077ca50999340 Uncommon trap: reason=unstable_if action=reinterpret pc=0x000077ca405b1f60 method=com.google.common.base.Objects.equal(Ljava/lang/Object;Ljava/lang/Object;)Z @ 14 c2
Event: 13.109 Thread 0x000077ca50999340 DEOPT PACKING pc=0x000077ca405b1f60 sp=0x000077c9d5e3c7a0
Event: 13.109 Thread 0x000077ca50999340 DEOPT UNPACKING pc=0x000077ca3fcb2f99 sp=0x000077c9d5e3c710 mode 2

Classes loaded (20 events):
Event: 8.571 Loading class jdk/internal/access/JavaIOPrintWriterAccess done
Event: 8.571 Loading class java/io/PrintWriter$1 done
Event: 8.571 Loading class java/lang/Throwable$WrappedPrintWriter
Event: 8.571 Loading class java/lang/Throwable$PrintStreamOrWriter
Event: 8.571 Loading class java/lang/Throwable$PrintStreamOrWriter done
Event: 8.571 Loading class java/lang/Throwable$WrappedPrintWriter done
Event: 12.105 Loading class java/io/NotSerializableException
Event: 12.105 Loading class java/io/NotSerializableException done
Event: 12.109 Loading class java/text/ParsePosition
Event: 12.109 Loading class java/text/ParsePosition done
Event: 12.114 Loading class java/lang/StringIndexOutOfBoundsException
Event: 12.114 Loading class java/lang/StringIndexOutOfBoundsException done
Event: 12.118 Loading class java/math/BigDecimal
Event: 12.119 Loading class java/math/BigDecimal done
Event: 12.119 Loading class java/math/MathContext
Event: 12.119 Loading class java/math/MathContext done
Event: 12.540 Loading class java/text/CalendarBuilder
Event: 12.540 Loading class java/text/CalendarBuilder done
Event: 13.011 Loading class java/time/Instant$1
Event: 13.011 Loading class java/time/Instant$1 done

Classes unloaded (0 events):
No events

Classes redefined (0 events):
No events

Internal exceptions (20 events):
Event: 13.087 Thread 0x000077ca50999340 Exception <a 'android/database/sqlite/SQLiteDoneException'{0x00000000fbcca4a8}> (0x00000000fbcca4a8) 
thrown [src/hotspot/share/prims/jni.cpp, line 520]
Event: 13.088 Thread 0x000077ca50999340 Exception <a 'android/database/sqlite/SQLiteDoneException'{0x00000000fbccd710}> (0x00000000fbccd710) 
thrown [src/hotspot/share/prims/jni.cpp, line 520]
Event: 13.088 Thread 0x000077ca50999340 Exception <a 'android/database/sqlite/SQLiteDoneException'{0x00000000fbccf4e8}> (0x00000000fbccf4e8) 
thrown [src/hotspot/share/prims/jni.cpp, line 520]
Event: 13.088 Thread 0x000077ca50999340 Exception <a 'android/database/sqlite/SQLiteDoneException'{0x00000000fbcd0ca8}> (0x00000000fbcd0ca8) 
thrown [src/hotspot/share/prims/jni.cpp, line 520]
Event: 13.112 Thread 0x000077ca50999340 Exception <a 'sun/nio/fs/UnixException'{0x00000000e7002e90}> (0x00000000e7002e90) 
thrown [src/hotspot/share/prims/jni.cpp, line 520]
Event: 13.129 Thread 0x000077ca50999340 Exception <a 'android/database/sqlite/SQLiteDoneException'{0x00000000e6ff9b70}> (0x00000000e6ff9b70) 
thrown [src/hotspot/share/prims/jni.cpp, line 520]
Event: 13.129 Thread 0x000077ca50999340 Exception <a 'android/database/sqlite/SQLiteDoneException'{0x00000000e6ffbcd8}> (0x00000000e6ffbcd8) 
thrown [src/hotspot/share/prims/jni.cpp, line 520]
Event: 13.129 Thread 0x000077ca50999340 Exception <a 'android/database/sqlite/SQLiteDoneException'{0x00000000e6ffd630}> (0x00000000e6ffd630) 
thrown [src/hotspot/share/prims/jni.cpp, line 520]
Event: 13.130 Thread 0x000077ca50999340 Exception <a 'android/database/sqlite/SQLiteDoneException'{0x00000000e6e01bd8}> (0x00000000e6e01bd8) 
thrown [src/hotspot/share/prims/jni.cpp, line 520]
Event: 13.130 Thread 0x000077ca50999340 Exception <a 'android/database/sqlite/SQLiteDoneException'{0x00000000e6e039b0}> (0x00000000e6e039b0) 
thrown [src/hotspot/share/prims/jni.cpp, line 520]
Event: 13.130 Thread 0x000077ca50999340 Exception <a 'android/database/sqlite/SQLiteDoneException'{0x00000000e6e05170}> (0x00000000e6e05170) 
thrown [src/hotspot/share/prims/jni.cpp, line 520]
Event: 13.138 Thread 0x000077ca5001d570 Exception <a 'java/lang/ClassNotFoundException'{0x00000000e6ea4160}: /package-info> (0x00000000e6ea4160) 
thrown [src/hotspot/share/prims/jni.cpp, line 539]
Event: 13.138 Thread 0x000077ca5001d570 Exception <a 'java/lang/ClassNotFoundException'{0x00000000e6ea51a8}: /package-info> (0x00000000e6ea51a8) 
thrown [src/hotspot/share/prims/jni.cpp, line 539]
Event: 13.138 Thread 0x000077ca5001d570 Exception <a 'java/lang/ClassNotFoundException'{0x00000000e6ea57d8}: /package-info> (0x00000000e6ea57d8) 
thrown [src/hotspot/share/prims/jni.cpp, line 539]
Event: 13.138 Thread 0x000077ca5001d570 Exception <a 'java/lang/ClassNotFoundException'{0x00000000e6ea65d0}: /package-info> (0x00000000e6ea65d0) 
thrown [src/hotspot/share/prims/jni.cpp, line 539]
Event: 13.138 Thread 0x000077ca5001d570 Exception <a 'java/lang/ClassNotFoundException'{0x00000000e6ea73c8}: /package-info> (0x00000000e6ea73c8) 
thrown [src/hotspot/share/prims/jni.cpp, line 539]
Event: 13.138 Thread 0x000077ca5001d570 Exception <a 'java/lang/ClassNotFoundException'{0x00000000e6ea81c0}: /package-info> (0x00000000e6ea81c0) 
thrown [src/hotspot/share/prims/jni.cpp, line 539]
Event: 13.138 Thread 0x000077ca5001d570 Exception <a 'java/lang/ClassNotFoundException'{0x00000000e6ea8fb8}: /package-info> (0x00000000e6ea8fb8) 
thrown [src/hotspot/share/prims/jni.cpp, line 539]
Event: 13.138 Thread 0x000077ca5001d570 Exception <a 'java/lang/ClassNotFoundException'{0x00000000e6ea9db0}: /package-info> (0x00000000e6ea9db0) 
thrown [src/hotspot/share/prims/jni.cpp, line 539]
Event: 13.150 Thread 0x000077ca50999340 Exception <a 'sun/nio/fs/UnixException'{0x00000000e6a83340}> (0x00000000e6a83340) 
thrown [src/hotspot/share/prims/jni.cpp, line 520]

ZGC Phase Switch (0 events):
No events

VM Operations (20 events):
Event: 11.880 Executing safepoint VM operation: G1CollectForAllocation (G1 Evacuation Pause)
Event: 11.882 Executing safepoint VM operation: G1CollectForAllocation (G1 Evacuation Pause) done
Event: 12.101 Executing safepoint VM operation: G1CollectForAllocation (G1 Evacuation Pause)
Event: 12.103 Executing safepoint VM operation: G1CollectForAllocation (G1 Evacuation Pause) done
Event: 12.314 Executing safepoint VM operation: G1CollectForAllocation (G1 Evacuation Pause)
Event: 12.316 Executing safepoint VM operation: G1CollectForAllocation (G1 Evacuation Pause) done
Event: 12.334 Executing safepoint VM operation: G1PauseRemark
Event: 12.337 Executing safepoint VM operation: G1PauseRemark done
Event: 12.342 Executing safepoint VM operation: G1PauseCleanup
Event: 12.342 Executing safepoint VM operation: G1PauseCleanup done
Event: 12.565 Executing safepoint VM operation: G1CollectForAllocation (G1 Evacuation Pause)
Event: 12.568 Executing safepoint VM operation: G1CollectForAllocation (G1 Evacuation Pause) done
Event: 12.827 Executing safepoint VM operation: G1CollectForAllocation (G1 Evacuation Pause)
Event: 12.828 Executing safepoint VM operation: G1CollectForAllocation (G1 Evacuation Pause) done
Event: 13.040 Executing safepoint VM operation: G1CollectForAllocation (G1 Evacuation Pause)
Event: 13.041 Executing safepoint VM operation: G1CollectForAllocation (G1 Evacuation Pause) done
Event: 13.059 Executing safepoint VM operation: G1PauseRemark
Event: 13.062 Executing safepoint VM operation: G1PauseRemark done
Event: 13.068 Executing safepoint VM operation: G1PauseCleanup
Event: 13.068 Executing safepoint VM operation: G1PauseCleanup done

Memory protections (20 events):
Event: 3.186 Protecting memory [0x000077c9d5c41000,0x000077c9d5c45000] with protection modes 0
Event: 3.382 Protecting memory [0x000077c9d5b41000,0x000077c9d5b45000] with protection modes 0
Event: 4.981 Protecting memory [0x000077c9d6c00000,0x000077c9d6c04000] with protection modes 0
Event: 4.998 Protecting memory [0x000077c9d6f00000,0x000077c9d6f04000] with protection modes 0
Event: 4.998 Protecting memory [0x000077c9d5c41000,0x000077c9d5c45000] with protection modes 0
Event: 5.218 Protecting memory [0x000077c9d6f00000,0x000077c9d6f04000] with protection modes 0
Event: 6.500 Protecting memory [0x000077c9d6c00000,0x000077c9d6c04000] with protection modes 0
Event: 7.096 Protecting memory [0x000077c9d5c41000,0x000077c9d5c45000] with protection modes 0
Event: 7.307 Protecting memory [0x000077c9d5a41000,0x000077c9d5a45000] with protection modes 0
Event: 7.334 Protecting memory [0x000077c9d58ad000,0x000077c9d58b1000] with protection modes 0
Event: 7.838 Protecting memory [0x000077c9d57ad000,0x000077c9d57b1000] with protection modes 0
Event: 7.838 Protecting memory [0x000077c9d42c5000,0x000077c9d42c9000] with protection modes 0
Event: 7.839 Protecting memory [0x000077c9d41c5000,0x000077c9d41c9000] with protection modes 0
Event: 8.487 Protecting memory [0x000077c9d40c5000,0x000077c9d40c9000] with protection modes 0
Event: 11.251 Protecting memory [0x000077ca34100000,0x000077ca34104000] with protection modes 0
Event: 11.251 Protecting memory [0x000077c9d6f00000,0x000077c9d6f04000] with protection modes 0
Event: 11.251 Protecting memory [0x000077ca34000000,0x000077ca34004000] with protection modes 0
Event: 11.302 Protecting memory [0x000077c9d6c00000,0x000077c9d6c04000] with protection modes 0
Event: 11.302 Protecting memory [0x000077c9d5c41000,0x000077c9d5c45000] with protection modes 0
Event: 12.183 Protecting memory [0x000077c9d5b41000,0x000077c9d5b45000] with protection modes 0

Nmethod flushes (20 events):
Event: 13.062 Thread 0x000077ca50269f50 flushing  nmethod 0x000077ca3954f110
Event: 13.062 Thread 0x000077ca50269f50 flushing  nmethod 0x000077ca39550010
Event: 13.062 Thread 0x000077ca50269f50 flushing  nmethod 0x000077ca39c02590
Event: 13.062 Thread 0x000077ca50269f50 flushing  nmethod 0x000077ca4063df90
Event: 13.062 Thread 0x000077ca50269f50 flushing  nmethod 0x000077ca40761f10
Event: 13.062 Thread 0x000077ca50269f50 flushing  nmethod 0x000077ca407daf10
Event: 13.062 Thread 0x000077ca50269f50 flushing  nmethod 0x000077ca388c1090
Event: 13.062 Thread 0x000077ca50269f50 flushing  nmethod 0x000077ca38917f10
Event: 13.062 Thread 0x000077ca50269f50 flushing  nmethod 0x000077ca389ffb10
Event: 13.062 Thread 0x000077ca50269f50 flushing  nmethod 0x000077ca38a7b390
Event: 13.062 Thread 0x000077ca50269f50 flushing  nmethod 0x000077ca38be1810
Event: 13.062 Thread 0x000077ca50269f50 flushing  nmethod 0x000077ca38c38a10
Event: 13.062 Thread 0x000077ca50269f50 flushing  nmethod 0x000077ca38d09490
Event: 13.062 Thread 0x000077ca50269f50 flushing  nmethod 0x000077ca38eba290
Event: 13.062 Thread 0x000077ca50269f50 flushing  nmethod 0x000077ca38ecb110
Event: 13.062 Thread 0x000077ca50269f50 flushing  nmethod 0x000077ca39028390
Event: 13.062 Thread 0x000077ca50269f50 flushing  nmethod 0x000077ca39033110
Event: 13.062 Thread 0x000077ca50269f50 flushing  nmethod 0x000077ca3932c890
Event: 13.062 Thread 0x000077ca50269f50 flushing  nmethod 0x000077ca3932d190
Event: 13.062 Thread 0x000077ca50269f50 flushing  nmethod 0x000077ca39537490

Events (20 events):
Event: 7.096 Thread 0x000077c9b0033990 Thread added: 0x000077c9b409a5c0
Event: 7.307 Thread 0x000077ca50999340 Thread added: 0x000077c961ea5fd0
Event: 7.333 Thread 0x000077ca50999340 Thread added: 0x000077c961eb8a40
Event: 7.838 Thread 0x000077ca50999340 Thread added: 0x000077c962122d40
Event: 7.838 Thread 0x000077ca50999340 Thread added: 0x000077c962123450
Event: 7.839 Thread 0x000077ca50999340 Thread added: 0x000077c962124050
Event: 8.486 Thread 0x000077ca5027c2a0 Thread added: 0x000077c9b062bd00
Event: 9.394 Thread 0x000077c9b062bd00 Thread exited: 0x000077c9b062bd00
Event: 9.394 Thread 0x000077c9b4144ef0 Thread exited: 0x000077c9b4144ef0
Event: 9.395 Thread 0x000077c9b409a5c0 Thread exited: 0x000077c9b409a5c0
Event: 9.395 Thread 0x000077c9ac0f2cc0 Thread exited: 0x000077c9ac0f2cc0
Event: 9.395 Thread 0x000077c9b4029590 Thread exited: 0x000077c9b4029590
Event: 9.397 Thread 0x000077c9a8045bb0 Thread exited: 0x000077c9a8045bb0
Event: 10.293 Thread 0x000077c9b0033990 Thread exited: 0x000077c9b0033990
Event: 11.251 Thread 0x000077ca5027c2a0 Thread added: 0x000077c9b006f9b0
Event: 11.251 Thread 0x000077ca5027c2a0 Thread added: 0x000077c9b0070680
Event: 11.251 Thread 0x000077ca5027c2a0 Thread added: 0x000077c9b00713d0
Event: 11.302 Thread 0x000077ca5027c2a0 Thread added: 0x000077c9b00dd1f0
Event: 11.302 Thread 0x000077ca5027c2a0 Thread added: 0x000077c9b00de010
Event: 12.183 Thread 0x000077c9b00dd1f0 Thread added: 0x000077c99828f2a0


Dynamic libraries:
e0000000-e7900000 rw-p 00000000 00:00 0 
e7900000-fbb00000 ---p 00000000 00:00 0 
fbb00000-fc300000 rw-p 00000000 00:00 0 
fc300000-feb00000 ---p 00000000 00:00 0 
feb00000-fec00000 rw-p 00000000 00:00 0 
fec00000-ffc00000 ---p 00000000 00:00 0 
ffc00000-ffe00000 rw-p 00000000 00:00 0 
ffe00000-fff0d000 rw-p 00cdb000 103:01 25722843                          /nix/store/cl36jmhc6yq7a0l3lpcxij8xah07wfl4-openjdk-21.0.10+7/lib/openjdk/lib/server/classes.jsa
fff0d000-100000000 rw-p 00000000 00:00 0 
5d3c53151000-5d3c53152000 r--p 00000000 103:01 25454243                  /nix/store/cl36jmhc6yq7a0l3lpcxij8xah07wfl4-openjdk-21.0.10+7/lib/openjdk/bin/java
5d3c53152000-5d3c53153000 r-xp 00001000 103:01 25454243                  /nix/store/cl36jmhc6yq7a0l3lpcxij8xah07wfl4-openjdk-21.0.10+7/lib/openjdk/bin/java
5d3c53153000-5d3c53154000 r--p 00002000 103:01 25454243                  /nix/store/cl36jmhc6yq7a0l3lpcxij8xah07wfl4-openjdk-21.0.10+7/lib/openjdk/bin/java
5d3c53154000-5d3c53155000 r--p 00002000 103:01 25454243                  /nix/store/cl36jmhc6yq7a0l3lpcxij8xah07wfl4-openjdk-21.0.10+7/lib/openjdk/bin/java
5d3c53155000-5d3c53157000 rw-p 00003000 103:01 25454243                  /nix/store/cl36jmhc6yq7a0l3lpcxij8xah07wfl4-openjdk-21.0.10+7/lib/openjdk/bin/java
5d3c91836000-5d3c918a0000 rw-p 00000000 00:00 0                          [heap]
77c920000000-77c9203d9000 rw-p 00000000 00:00 0 
77c9203d9000-77c924000000 ---p 00000000 00:00 0 
77c924000000-77c9242b8000 rw-p 00000000 00:00 0 
77c9242b8000-77c928000000 ---p 00000000 00:00 0 
77c92bf00000-77c92bf04000 ---p 00000000 00:00 0 
77c92bf04000-77c92c000000 rw-p 00000000 00:00 0 
77c92c000000-77c92c1ec000 rw-p 00000000 00:00 0 
77c92c1ec000-77c930000000 ---p 00000000 00:00 0 
77c930000000-77c9301df000 rw-p 00000000 00:00 0 
77c9301df000-77c934000000 ---p 00000000 00:00 0 
77c934000000-77c9340f7000 rw-p 00000000 00:00 0 
77c9340f7000-77c938000000 ---p 00000000 00:00 0 
77c938000000-77c938141000 rw-p 00000000 00:00 0 
77c938141000-77c93c000000 ---p 00000000 00:00 0 
77c93c000000-77c93c021000 rw-p 00000000 00:00 0 
77c93c021000-77c940000000 ---p 00000000 00:00 0 
77c940000000-77c940089000 rw-p 00000000 00:00 0 
77c940089000-77c944000000 ---p 00000000 00:00 0 
77c944000000-77c944021000 rw-p 00000000 00:00 0 
77c944021000-77c948000000 ---p 00000000 00:00 0 
77c948000000-77c948db4000 rw-p 00000000 00:00 0 
77c948db4000-77c94c004000 ---p 00000000 00:00 0 
77c94c004000-77c94c100000 rw-p 00000000 00:00 0 
77c94c100000-77c94c104000 ---p 00000000 00:00 0 
77c94c104000-77c94c200000 rw-p 00000000 00:00 0 
77c94c200000-77c94c8c7000 r--p 00000000 103:01 4602965                   /home/soywod/code/pimalaya/android/rust/target/debug/libpimalaya.so
77c94c8c7000-77c94de39000 r-xp 006c6000 103:01 4602965                   /home/soywod/code/pimalaya/android/rust/target/debug/libpimalaya.so
77c94de39000-77c94df30000 r--p 01c37000 103:01 4602965                   /home/soywod/code/pimalaya/android/rust/target/debug/libpimalaya.so
77c94df30000-77c94df32000 rw-p 01d2d000 103:01 4602965                   /home/soywod/code/pimalaya/android/rust/target/debug/libpimalaya.so
77c94e000000-77c94e244000 r-xp 00000000 00:30 193746                     /tmp/libconscrypt_openjdk_jni-linux-x86_6417915723948450000.so (deleted)
77c94e244000-77c94e443000 ---p 00244000 00:30 193746                     /tmp/libconscrypt_openjdk_jni-linux-x86_6417915723948450000.so (deleted)
77c94e443000-77c94e454000 r--p 00243000 00:30 193746                     /tmp/libconscrypt_openjdk_jni-linux-x86_6417915723948450000.so (deleted)
77c94e454000-77c94e457000 rw-p 00254000 00:30 193746                     /tmp/libconscrypt_openjdk_jni-linux-x86_6417915723948450000.so (deleted)
77c94e457000-77c94e458000 rw-p 00000000 00:00 0 
77c94e556000-77c950000000 r--p 00000000 00:30 193709                     /tmp/robolectric-nativeruntime3304748440562410128/icu/icudt75l.dat
77c950000000-77c95026b000 rw-p 00000000 00:00 0 
77c95026b000-77c954000000 ---p 00000000 00:00 0 
77c954000000-77c954113000 rw-p 00000000 00:00 0 
77c954113000-77c958000000 ---p 00000000 00:00 0 
77c958000000-77c958cdb000 rw-p 00000000 00:00 0 
77c958cdb000-77c95c000000 ---p 00000000 00:00 0 
77c95c000000-77c95c360000 rw-p 00000000 00:00 0 
77c95c360000-77c960000000 ---p 00000000 00:00 0 
77c960000000-77c96306d000 rw-p 00000000 00:00 0 
77c96306d000-77c964000000 ---p 00000000 00:00 0 
77c964000000-77c96531d000 rw-p 00000000 00:00 0 
77c96531d000-77c968000000 ---p 00000000 00:00 0 
77c968000000-77c968021000 rw-p 00000000 00:00 0 
77c968021000-77c96c000000 ---p 00000000 00:00 0 
77c96c000000-77c96c021000 rw-p 00000000 00:00 0 
77c96c021000-77c970000000 ---p 00000000 00:00 0 
77c970000000-77c970021000 rw-p 00000000 00:00 0 
77c970021000-77c974000000 ---p 00000000 00:00 0 
77c974000000-77c974021000 rw-p 00000000 00:00 0 
77c974021000-77c978000000 ---p 00000000 00:00 0 
77c978000000-77c978021000 rw-p 00000000 00:00 0 
77c978021000-77c97c000000 ---p 00000000 00:00 0 
77c97c000000-77c97c021000 rw-p 00000000 00:00 0 
77c97c021000-77c980000000 ---p 00000000 00:00 0 
77c980000000-77c980021000 rw-p 00000000 00:00 0 
77c980021000-77c984000000 ---p 00000000 00:00 0 
77c984000000-77c984021000 rw-p 00000000 00:00 0 
77c984021000-77c988000000 ---p 00000000 00:00 0 
77c988000000-77c988021000 rw-p 00000000 00:00 0 
77c988021000-77c98c000000 ---p 00000000 00:00 0 
77c98c000000-77c98c021000 rw-p 00000000 00:00 0 
77c98c021000-77c990000000 ---p 00000000 00:00 0 
77c990000000-77c990021000 rw-p 00000000 00:00 0 
77c990021000-77c994000000 ---p 00000000 00:00 0 
77c994000000-77c99407d000 rw-p 00000000 00:00 0 
77c99407d000-77c998000000 ---p 00000000 00:00 0 
77c998000000-77c999392000 rw-p 00000000 00:00 0 
77c999392000-77c99c000000 ---p 00000000 00:00 0 
77c99c000000-77c99c021000 rw-p 00000000 00:00 0 
77c99c021000-77c9a0000000 ---p 00000000 00:00 0 
77c9a0000000-77c9a0021000 rw-p 00000000 00:00 0 
77c9a0021000-77c9a4000000 ---p 00000000 00:00 0 
77c9a4000000-77c9a4021000 rw-p 00000000 00:00 0 
77c9a4021000-77c9a8000000 ---p 00000000 00:00 0 
77c9a8000000-77c9a882d000 rw-p 00000000 00:00 0 
77c9a882d000-77c9ac000000 ---p 00000000 00:00 0 
77c9ac000000-77c9adbf8000 rw-p 00000000 00:00 0 
77c9adbf8000-77c9b0000000 ---p 00000000 00:00 0 
77c9b0000000-77c9b068e000 rw-p 00000000 00:00 0 
77c9b068e000-77c9b4000000 ---p 00000000 00:00 0 
77c9b4000000-77c9b447c000 rw-p 00000000 00:00 0 
77c9b447c000-77c9b8000000 ---p 00000000 00:00 0 
77c9b8000000-77c9b8021000 rw-p 00000000 00:00 0 
77c9b8021000-77c9bc000000 ---p 00000000 00:00 0 
77c9bc000000-77c9bde94000 rw-p 00000000 00:00 0 
77c9bde94000-77c9c0000000 ---p 00000000 00:00 0 
77c9c0000000-77c9c0021000 rw-p 00000000 00:00 0 
77c9c0021000-77c9c4000000 ---p 00000000 00:00 0 
77c9c4000000-77c9c4021000 rw-p 00000000 00:00 0 
77c9c4021000-77c9c8000000 ---p 00000000 00:00 0 
77c9c8000000-77c9c8021000 rw-p 00000000 00:00 0 
77c9c8021000-77c9cc000000 ---p 00000000 00:00 0 
77c9cc000000-77c9cc021000 rw-p 00000000 00:00 0 
77c9cc021000-77c9d0000000 ---p 00000000 00:00 0 
77c9d0000000-77c9d0021000 rw-p 00000000 00:00 0 
77c9d0021000-77c9d4000000 ---p 00000000 00:00 0 
77c9d40c5000-77c9d40c9000 ---p 00000000 00:00 0 
77c9d40c9000-77c9d41c5000 rw-p 00000000 00:00 0 
77c9d41c5000-77c9d41c9000 ---p 00000000 00:00 0 
77c9d41c9000-77c9d42c5000 rw-p 00000000 00:00 0 
77c9d42c5000-77c9d42c9000 ---p 00000000 00:00 0 
77c9d42c9000-77c9d43c5000 rw-p 00000000 00:00 0 
77c9d43c5000-77c9d43e4000 r--p 00000000 103:01 25722737                  /nix/store/cl36jmhc6yq7a0l3lpcxij8xah07wfl4-openjdk-21.0.10+7/lib/openjdk/lib/libawt.so
77c9d43e4000-77c9d448a000 r-xp 0001f000 103:01 25722737                  /nix/store/cl36jmhc6yq7a0l3lpcxij8xah07wfl4-openjdk-21.0.10+7/lib/openjdk/lib/libawt.so
77c9d448a000-77c9d4497000 r--p 000c5000 103:01 25722737                  /nix/store/cl36jmhc6yq7a0l3lpcxij8xah07wfl4-openjdk-21.0.10+7/lib/openjdk/lib/libawt.so
77c9d4497000-77c9d4498000 r--p 000d1000 103:01 25722737                  /nix/store/cl36jmhc6yq7a0l3lpcxij8xah07wfl4-openjdk-21.0.10+7/lib/openjdk/lib/libawt.so
77c9d4498000-77c9d44a3000 rw-p 000d2000 103:01 25722737                  /nix/store/cl36jmhc6yq7a0l3lpcxij8xah07wfl4-openjdk-21.0.10+7/lib/openjdk/lib/libawt.so
77c9d44a3000-77c9d44c8000 rw-p 00000000 00:00 0 
77c9d44c8000-77c9d44cb000 rw-p 000eb000 103:01 25722737                  /nix/store/cl36jmhc6yq7a0l3lpcxij8xah07wfl4-openjdk-21.0.10+7/lib/openjdk/lib/libawt.so
77c9d44cb000-77c9d44cc000 ---p 00000000 00:00 0 
77c9d44cc000-77c9d45cc000 rw-p 00000000 00:00 0 
77c9d45cc000-77c9d45cd000 ---p 00000000 00:00 0 
77c9d45cd000-77c9d46cd000 rw-p 00000000 00:00 0 
77c9d46cd000-77c9d46ce000 ---p 00000000 00:00 0 
77c9d46ce000-77c9d47ce000 rw-p 00000000 00:00 0 
77c9d47ce000-77c9d47cf000 ---p 00000000 00:00 0 
77c9d47cf000-77c9d48cf000 rw-p 00000000 00:00 0 
77c9d48cf000-77c9d4cc7000 r--p 00000000 00:30 193712                     /tmp/robolectric-nativeruntime3304748440562410128/libandroid_runtime.so
77c9d4cc7000-77c9d574a000 r-xp 003f7000 00:30 193712                     /tmp/robolectric-nativeruntime3304748440562410128/libandroid_runtime.so
77c9d574a000-77c9d579a000 r--p 00e79000 00:30 193712                     /tmp/robolectric-nativeruntime3304748440562410128/libandroid_runtime.so
77c9d579a000-77c9d57a0000 rw-p 00ec8000 00:30 193712                     /tmp/robolectric-nativeruntime3304748440562410128/libandroid_runtime.so
77c9d57a0000-77c9d57ad000 rw-p 00000000 00:00 0 
77c9d57ad000-77c9d57b1000 ---p 00000000 00:00 0 
77c9d57b1000-77c9d58ad000 rw-p 00000000 00:00 0 
77c9d58ad000-77c9d58b1000 ---p 00000000 00:00 0 
77c9d58b1000-77c9d59ad000 rw-p 00000000 00:00 0 
77c9d5a41000-77c9d5a45000 ---p 00000000 00:00 0 
77c9d5a45000-77c9d5b41000 rw-p 00000000 00:00 0 
77c9d5b41000-77c9d5b45000 ---p 00000000 00:00 0 
77c9d5b45000-77c9d5c41000 rw-p 00000000 00:00 0 
77c9d5c41000-77c9d5c45000 ---p 00000000 00:00 0 
77c9d5c45000-77c9d5d41000 rw-p 00000000 00:00 0 
77c9d5d41000-77c9d5d45000 ---p 00000000 00:00 0 
77c9d5d45000-77c9d5e41000 rw-p 00000000 00:00 0 
77c9d5e41000-77c9d5e42000 ---p 00000000 00:00 0 
77c9d5e42000-77c9d5f42000 rw-p 00000000 00:00 0 
77c9d5f42000-77c9d5f43000 ---p 00000000 00:00 0 
77c9d5f43000-77c9d6043000 rw-p 00000000 00:00 0 
77c9d6043000-77c9d6044000 ---p 00000000 00:00 0 
77c9d6044000-77c9d6144000 rw-p 00000000 00:00 0 
77c9d6144000-77c9d6145000 ---p 00000000 00:00 0 
77c9d6145000-77c9d6245000 rw-p 00000000 00:00 0 
77c9d6245000-77c9d6246000 ---p 00000000 00:00 0 
77c9d6246000-77c9d6346000 rw-p 00000000 00:00 0 
77c9d6346000-77c9d6347000 ---p 00000000 00:00 0 
77c9d6347000-77c9d6447000 rw-p 00000000 00:00 0 
77c9d6447000-77c9d6448000 ---p 00000000 00:00 0 
77c9d6448000-77c9d6548000 rw-p 00000000 00:00 0 
77c9d6548000-77c9d6549000 ---p 00000000 00:00 0 
77c9d6549000-77c9d6649000 rw-p 00000000 00:00 0 
77c9d6649000-77c9d664a000 ---p 00000000 00:00 0 
77c9d664a000-77c9d674a000 rw-p 00000000 00:00 0 
77c9d674a000-77c9d674b000 ---p 00000000 00:00 0 
77c9d674b000-77c9d684b000 rw-p 00000000 00:00 0 
77c9d684b000-77c9d684f000 ---p 00000000 00:00 0 
77c9d684f000-77c9d694b000 rw-p 00000000 00:00 0 
77c9d694b000-77c9d694f000 ---p 00000000 00:00 0 
77c9d694f000-77c9d6a4b000 rw-p 00000000 00:00 0 
77c9d6af0000-77c9d6af8000 rw-s 00000000 00:30 196065                     /tmp/robolectric-EventStoreTest_aCalendarIsACollectionOfItsOwnKind12499669845181513661/org.pimalaya-dataDir/files/pimdir/pimdir.db-shm
77c9d6b00000-77c9d6b04000 ---p 00000000 00:00 0 
77c9d6b04000-77c9d6c00000 rw-p 00000000 00:00 0 
77c9d6c00000-77c9d6c04000 ---p 00000000 00:00 0 
77c9d6c04000-77c9d6d00000 rw-p 00000000 00:00 0 
77c9d6d00000-77c9d6d04000 ---p 00000000 00:00 0 
77c9d6d04000-77c9d6e00000 rw-p 00000000 00:00 0 
77c9d6e00000-77c9d6e04000 ---p 00000000 00:00 0 
77c9d6e04000-77c9d6f00000 rw-p 00000000 00:00 0 
77c9d6f00000-77c9d6f04000 ---p 00000000 00:00 0 
77c9d6f04000-77c9d7000000 rw-p 00000000 00:00 0 
77c9d7000000-77c9d7400000 rw-p 00000000 00:00 0 
77c9d7400000-77c9d7780000 rw-p 00000000 00:00 0 
77c9d7780000-77c9d7900000 rw-p 00000000 00:00 0 
77c9d7900000-77c9d79a0000 rw-p 00000000 00:00 0 
77c9d79a0000-77c9d79c0000 rw-p 00000000 00:00 0 
77c9d79c0000-77c9d7b00000 rw-p 00000000 00:00 0 
77c9d7b00000-77c9d8100000 rw-p 00000000 00:00 0 
77c9d8100000-77c9d8200000 rw-p 00000000 00:00 0 
77c9d8200000-77c9d9700000 rw-p 00000000 00:00 0 
77c9d9700000-77c9d9800000 rw-p 00000000 00:00 0 
77c9d9800000-77c9dab00000 rw-p 00000000 00:00 0 
77c9dab00000-77c9dab90000 rw-p 00000000 00:00 0 
77c9dab90000-77c9dac00000 ---p 00000000 00:00 0 
77c9dac00000-77c9daca0000 rw-p 00000000 00:00 0 
77c9daca0000-77c9db000000 ---p 00000000 00:00 0 
77c9db000000-77c9dbc9c000 rw-p 00001000 103:01 25722843                  /nix/store/cl36jmhc6yq7a0l3lpcxij8xah07wfl4-openjdk-21.0.10+7/lib/openjdk/lib/server/classes.jsa
77c9dbc9c000-77c9dc000000 ---p 00000000 00:00 0 
77c9dc000000-77c9dc040000 rw-p 00000000 00:00 0 
77c9dc040000-77c9dc0c0000 rw-p 00000000 00:00 0 
77c9dc0c0000-77c9dc100000 rw-p 00000000 00:00 0 
77c9dc100000-77c9dc180000 rw-p 00000000 00:00 0 
77c9dc180000-77c9dc340000 rw-p 00000000 00:00 0 
77c9dc340000-77c9dc360000 rw-p 00000000 00:00 0 
77c9dc360000-77c9dc380000 ---p 00000000 00:00 0 
77c9dc380000-77c9dc810000 rw-p 00000000 00:00 0 
77c9dc810000-77ca1c000000 ---p 00000000 00:00 0 
77ca1c000000-77ca1c021000 rw-p 00000000 00:00 0 
77ca1c021000-77ca20000000 ---p 00000000 00:00 0 
77ca20000000-77ca20021000 rw-p 00000000 00:00 0 
77ca20021000-77ca24000000 ---p 00000000 00:00 0 
77ca24000000-77ca24021000 rw-p 00000000 00:00 0 
77ca24021000-77ca28000000 ---p 00000000 00:00 0 
77ca28000000-77ca28021000 rw-p 00000000 00:00 0 
77ca28021000-77ca2c000000 ---p 00000000 00:00 0 
77ca2c000000-77ca2c021000 rw-p 00000000 00:00 0 
77ca2c021000-77ca30000000 ---p 00000000 00:00 0 
77ca30000000-77ca30021000 rw-p 00000000 00:00 0 
77ca30021000-77ca34004000 ---p 00000000 00:00 0 
77ca34004000-77ca34100000 rw-p 00000000 00:00 0 
77ca34100000-77ca34104000 ---p 00000000 00:00 0 
77ca34104000-77ca34200000 rw-p 00000000 00:00 0 
77ca34200000-77ca34204000 ---p 00000000 00:00 0 
77ca34204000-77ca34300000 rw-p 00000000 00:00 0 
77ca34300000-77ca34304000 ---p 00000000 00:00 0 
77ca34304000-77ca34400000 rw-p 00000000 00:00 0 
77ca34400000-77ca34404000 ---p 00000000 00:00 0 
77ca34404000-77ca34500000 rw-p 00000000 00:00 0 
77ca34500000-77ca34504000 ---p 00000000 00:00 0 
77ca34504000-77ca34600000 rw-p 00000000 00:00 0 
77ca34600000-77ca34604000 ---p 00000000 00:00 0 
77ca34604000-77ca34700000 rw-p 00000000 00:00 0 
77ca34700000-77ca34704000 ---p 00000000 00:00 0 
77ca34704000-77ca34800000 rw-p 00000000 00:00 0 
77ca34800000-77ca34aec000 r--p 00000000 103:01 20206968                  /nix/store/49vhlwl9gib4vavpd64klpz4l5nwz3g5-glibc-locales-2.40-224/lib/locale/locale-archive
77ca34af0000-77ca34af4000 ---p 00000000 00:00 0 
77ca34af4000-77ca34bf0000 rw-p 00000000 00:00 0 
77ca34bf0000-77ca34bf1000 ---p 00000000 00:00 0 
77ca34bf1000-77ca34cf1000 rw-p 00000000 00:00 0 
77ca34cf1000-77ca34cf2000 ---p 00000000 00:00 0 
77ca34cf2000-77ca34df2000 rw-p 00000000 00:00 0 
77ca34df2000-77ca34df3000 ---p 00000000 00:00 0 
77ca34df3000-77ca34ef3000 rw-p 00000000 00:00 0 
77ca34ef3000-77ca34ef4000 ---p 00000000 00:00 0 
77ca34ef4000-77ca34ff4000 rw-p 00000000 00:00 0 
77ca34ff4000-77ca37c00000 rw-p 00000000 00:00 0 
77ca37c13000-77ca37c1b000 rw-s 00000000 00:30 196210                     /tmp/robolectric-MailBridgeClockTest_aFirstRoundIsTimedPageByPage4815450006329228025/org.pimalaya-dataDir/files/pimdir/pimdir.db-shm
77ca37c1b000-77ca37c23000 rw-s 00000000 00:30 196189                     /tmp/robolectric-MailBodiesTest_theStepRaisesOnlyBodiesWithinTheBound11059929074889592376/org.pimalaya-dataDir/files/pimdir/pimdir.db-shm
77ca37c23000-77ca37c2b000 rw-s 00000000 00:30 196168                     /tmp/robolectric-MailBodiesTest_aMeteredNetworkDefersIt7677410752504893405/org.pimalaya-dataDir/files/pimdir/pimdir.db-shm
77ca37c2b000-77ca37c31000 r--p 00000000 103:01 25722782                  /nix/store/cl36jmhc6yq7a0l3lpcxij8xah07wfl4-openjdk-21.0.10+7/lib/openjdk/lib/libjsvml.so
77ca37c31000-77ca37c72000 r-xp 00006000 103:01 25722782                  /nix/store/cl36jmhc6yq7a0l3lpcxij8xah07wfl4-openjdk-21.0.10+7/lib/openjdk/lib/libjsvml.so
77ca37c72000-77ca37cfb000 r--p 00047000 103:01 25722782                  /nix/store/cl36jmhc6yq7a0l3lpcxij8xah07wfl4-openjdk-21.0.10+7/lib/openjdk/lib/libjsvml.so
77ca37cfb000-77ca37cfc000 r--p 000cf000 103:01 25722782                  /nix/store/cl36jmhc6yq7a0l3lpcxij8xah07wfl4-openjdk-21.0.10+7/lib/openjdk/lib/libjsvml.so
77ca37cfc000-77ca37cfd000 rw-p 000d0000 103:01 25722782                  /nix/store/cl36jmhc6yq7a0l3lpcxij8xah07wfl4-openjdk-21.0.10+7/lib/openjdk/lib/libjsvml.so
77ca37cfd000-77ca37dfe000 rw-p 00000000 00:00 0 
77ca37dfe000-77ca37dff000 ---p 00000000 00:00 0 
77ca37dff000-77ca37eff000 rw-p 00000000 00:00 0 
77ca37eff000-77ca37f00000 ---p 00000000 00:00 0 
77ca37f00000-77ca38000000 rw-p 00000000 00:00 0 
77ca38000000-77ca381e4000 rw-p 00000000 00:00 0 
77ca381e4000-77ca386ec000 ---p 00000000 00:00 0 
77ca386ec000-77ca3870c000 rw-p 00000000 00:00 0 
77ca3870c000-77ca387ac000 ---p 00000000 00:00 0 
77ca387ac000-77ca387b0000 rw-p 00000000 00:00 0 
77ca387b0000-77ca387f0000 ---p 00000000 00:00 0 
77ca387f0000-77ca38800000 rw-p 00000000 00:00 0 
77ca38800000-77ca39e20000 rwxp 00000000 00:00 0 
77ca39e20000-77ca3fc5f000 ---p 00000000 00:00 0 
77ca3fc5f000-77ca4009f000 rwxp 00000000 00:00 0 
77ca4009f000-77ca403a0000 ---p 00000000 00:00 0 
77ca403a0000-77ca409a0000 rwxp 00000000 00:00 0 
77ca409a0000-77ca47800000 ---p 00000000 00:00 0 
77ca47800000-77ca4ff5f000 r--s 00000000 103:01 25722821                  /nix/store/cl36jmhc6yq7a0l3lpcxij8xah07wfl4-openjdk-21.0.10+7/lib/openjdk/lib/modules
77ca4ff5f000-77ca4ff67000 rw-s 00000000 00:30 195171                     /tmp/robolectric-CalendarPoolTest_aListingThatCarriedTheBodiesReadsNoneAgain4161931171677966631/org.pimalaya-dataDir/files/pimdir/pimdir.db-shm
77ca4ff67000-77ca4ff6f000 rw-s 00000000 00:30 194920                     /tmp/robolectric-CalendarPoolTest_oneCalendarFailingLeavesTheOthers6730279618104393284/org.pimalaya-dataDir/files/pimdir/pimdir.db-shm
77ca4ff6f000-77ca4ff77000 rw-s 00000000 00:30 194410                     /tmp/robolectric-CalendarPoolTest_aFirstSyncOfThreeCalendarsTakesAFractionOfTheTime4440633040206124595/org.pimalaya-dataDir/files/pimdir/pimdir.db-shm
77ca4ff77000-77ca4ff7f000 rw-s 00000000 00:30 194002                     /tmp/robolectric-CalendarPoolTest_aBatchedPassReadsOnlyWhatChanged13547082887189321758/org.pimalaya-dataDir/files/pimdir/pimdir.db-shm
77ca4ff7f000-77ca50a54000 rw-p 00000000 00:00 0 
77ca50a54000-77ca54000000 ---p 00000000 00:00 0 
77ca54000000-77ca54003000 r--p 00000000 103:01 25722739                  /nix/store/cl36jmhc6yq7a0l3lpcxij8xah07wfl4-openjdk-21.0.10+7/lib/openjdk/lib/libawt_headless.so
77ca54003000-77ca54007000 r-xp 00003000 103:01 25722739                  /nix/store/cl36jmhc6yq7a0l3lpcxij8xah07wfl4-openjdk-21.0.10+7/lib/openjdk/lib/libawt_headless.so
77ca54007000-77ca54009000 r--p 00007000 103:01 25722739                  /nix/store/cl36jmhc6yq7a0l3lpcxij8xah07wfl4-openjdk-21.0.10+7/lib/openjdk/lib/libawt_headless.so
77ca54009000-77ca5400a000 r--p 00008000 103:01 25722739                  /nix/store/cl36jmhc6yq7a0l3lpcxij8xah07wfl4-openjdk-21.0.10+7/lib/openjdk/lib/libawt_headless.so
77ca5400a000-77ca5400b000 rw-p 00009000 103:01 25722739                  /nix/store/cl36jmhc6yq7a0l3lpcxij8xah07wfl4-openjdk-21.0.10+7/lib/openjdk/lib/libawt_headless.so
77ca5400b000-77ca5400d000 rw-p 0000c000 103:01 25722739                  /nix/store/cl36jmhc6yq7a0l3lpcxij8xah07wfl4-openjdk-21.0.10+7/lib/openjdk/lib/libawt_headless.so
77ca5400d000-77ca54012000 r--p 00000000 103:01 25722817                  /nix/store/cl36jmhc6yq7a0l3lpcxij8xah07wfl4-openjdk-21.0.10+7/lib/openjdk/lib/libverify.so
77ca54012000-77ca5401a000 r-xp 00005000 103:01 25722817                  /nix/store/cl36jmhc6yq7a0l3lpcxij8xah07wfl4-openjdk-21.0.10+7/lib/openjdk/lib/libverify.so
77ca5401a000-77ca5401c000 r--p 0000d000 103:01 25722817                  /nix/store/cl36jmhc6yq7a0l3lpcxij8xah07wfl4-openjdk-21.0.10+7/lib/openjdk/lib/libverify.so
77ca5401c000-77ca5401e000 r--p 0000e000 103:01 25722817                  /nix/store/cl36jmhc6yq7a0l3lpcxij8xah07wfl4-openjdk-21.0.10+7/lib/openjdk/lib/libverify.so
77ca5401e000-77ca5401f000 rw-p 00010000 103:01 25722817                  /nix/store/cl36jmhc6yq7a0l3lpcxij8xah07wfl4-openjdk-21.0.10+7/lib/openjdk/lib/libverify.so
77ca5401f000-77ca54020000 rw-p 00012000 103:01 25722817                  /nix/store/cl36jmhc6yq7a0l3lpcxij8xah07wfl4-openjdk-21.0.10+7/lib/openjdk/lib/libverify.so
77ca54020000-77ca54021000 ---p 00000000 00:00 0 
77ca54021000-77ca54121000 rw-p 00000000 00:00 0 
77ca54121000-77ca5415e000 rw-p 00000000 00:00 0 
77ca5415e000-77ca541fe000 ---p 00000000 00:00 0 
77ca541fe000-77ca54203000 rw-p 00000000 00:00 0 
77ca54203000-77ca54216000 ---p 00000000 00:00 0 
77ca54216000-77ca54217000 rw-p 00000000 00:00 0 
77ca54217000-77ca5421f000 ---p 00000000 00:00 0 
77ca5421f000-77ca5425e000 rw-p 00000000 00:00 0 
77ca5425e000-77ca542fe000 ---p 00000000 00:00 0 
77ca542fe000-77ca54303000 rw-p 00000000 00:00 0 
77ca54303000-77ca54316000 ---p 00000000 00:00 0 
77ca54316000-77ca54317000 rw-p 00000000 00:00 0 
77ca54317000-77ca5431f000 ---p 00000000 00:00 0 
77ca5431f000-77ca5503a000 rw-p 00000000 00:00 0 
77ca5503a000-77ca55117000 ---p 00000000 00:00 0 
77ca55117000-77ca55144000 rw-p 00000000 00:00 0 
77ca55144000-77ca55200000 ---p 00000000 00:00 0 
77ca55200000-77ca552a5000 r--p 00000000 103:01 21263933                  /nix/store/ybp235ps7m4yd85v0pgvqkhd4xmxf6jq-gcc-14.3.0-lib/lib/libstdc++.so.6.0.33
77ca552a5000-77ca553d2000 r-xp 000a5000 103:01 21263933                  /nix/store/ybp235ps7m4yd85v0pgvqkhd4xmxf6jq-gcc-14.3.0-lib/lib/libstdc++.so.6.0.33
77ca553d2000-77ca55460000 r--p 001d2000 103:01 21263933                  /nix/store/ybp235ps7m4yd85v0pgvqkhd4xmxf6jq-gcc-14.3.0-lib/lib/libstdc++.so.6.0.33
77ca55460000-77ca5546d000 r--p 0025f000 103:01 21263933                  /nix/store/ybp235ps7m4yd85v0pgvqkhd4xmxf6jq-gcc-14.3.0-lib/lib/libstdc++.so.6.0.33
77ca5546d000-77ca5546e000 rw-p 0026c000 103:01 21263933                  /nix/store/ybp235ps7m4yd85v0pgvqkhd4xmxf6jq-gcc-14.3.0-lib/lib/libstdc++.so.6.0.33
77ca5546e000-77ca55472000 rw-p 00000000 00:00 0 
77ca55472000-77ca55474000 r--p 00000000 103:01 25722747                  /nix/store/cl36jmhc6yq7a0l3lpcxij8xah07wfl4-openjdk-21.0.10+7/lib/openjdk/lib/libextnet.so
77ca55474000-77ca55475000 r-xp 00002000 103:01 25722747                  /nix/store/cl36jmhc6yq7a0l3lpcxij8xah07wfl4-openjdk-21.0.10+7/lib/openjdk/lib/libextnet.so
77ca55475000-77ca55476000 r--p 00003000 103:01 25722747                  /nix/store/cl36jmhc6yq7a0l3lpcxij8xah07wfl4-openjdk-21.0.10+7/lib/openjdk/lib/libextnet.so
77ca55476000-77ca55477000 r--p 00003000 103:01 25722747                  /nix/store/cl36jmhc6yq7a0l3lpcxij8xah07wfl4-openjdk-21.0.10+7/lib/openjdk/lib/libextnet.so
77ca55477000-77ca55478000 rw-p 00004000 103:01 25722747                  /nix/store/cl36jmhc6yq7a0l3lpcxij8xah07wfl4-openjdk-21.0.10+7/lib/openjdk/lib/libextnet.so
77ca55478000-77ca55479000 rw-p 00006000 103:01 25722747                  /nix/store/cl36jmhc6yq7a0l3lpcxij8xah07wfl4-openjdk-21.0.10+7/lib/openjdk/lib/libextnet.so
77ca55479000-77ca5547c000 r--p 00000000 103:01 25722798                  /nix/store/cl36jmhc6yq7a0l3lpcxij8xah07wfl4-openjdk-21.0.10+7/lib/openjdk/lib/libnet.so
77ca5547c000-77ca55484000 r-xp 00003000 103:01 25722798                  /nix/store/cl36jmhc6yq7a0l3lpcxij8xah07wfl4-openjdk-21.0.10+7/lib/openjdk/lib/libnet.so
77ca55484000-77ca55486000 r--p 0000b000 103:01 25722798                  /nix/store/cl36jmhc6yq7a0l3lpcxij8xah07wfl4-openjdk-21.0.10+7/lib/openjdk/lib/libnet.so
77ca55486000-77ca55487000 r--p 0000d000 103:01 25722798                  /nix/store/cl36jmhc6yq7a0l3lpcxij8xah07wfl4-openjdk-21.0.10+7/lib/openjdk/lib/libnet.so
77ca55487000-77ca55488000 rw-p 0000e000 103:01 25722798                  /nix/store/cl36jmhc6yq7a0l3lpcxij8xah07wfl4-openjdk-21.0.10+7/lib/openjdk/lib/libnet.so
77ca55488000-77ca5548a000 rw-p 00012000 103:01 25722798                  /nix/store/cl36jmhc6yq7a0l3lpcxij8xah07wfl4-openjdk-21.0.10+7/lib/openjdk/lib/libnet.so
77ca5548a000-77ca55492000 r--p 00000000 103:01 25722801                  /nix/store/cl36jmhc6yq7a0l3lpcxij8xah07wfl4-openjdk-21.0.10+7/lib/openjdk/lib/libnio.so
77ca55492000-77ca5549b000 r-xp 00008000 103:01 25722801                  /nix/store/cl36jmhc6yq7a0l3lpcxij8xah07wfl4-openjdk-21.0.10+7/lib/openjdk/lib/libnio.so
77ca5549b000-77ca5549f000 r--p 00011000 103:01 25722801                  /nix/store/cl36jmhc6yq7a0l3lpcxij8xah07wfl4-openjdk-21.0.10+7/lib/openjdk/lib/libnio.so
77ca5549f000-77ca554a0000 r--p 00015000 103:01 25722801                  /nix/store/cl36jmhc6yq7a0l3lpcxij8xah07wfl4-openjdk-21.0.10+7/lib/openjdk/lib/libnio.so
77ca554a0000-77ca554a1000 rw-p 00016000 103:01 25722801                  /nix/store/cl36jmhc6yq7a0l3lpcxij8xah07wfl4-openjdk-21.0.10+7/lib/openjdk/lib/libnio.so
77ca554a1000-77ca554a5000 rw-p 0001c000 103:01 25722801                  /nix/store/cl36jmhc6yq7a0l3lpcxij8xah07wfl4-openjdk-21.0.10+7/lib/openjdk/lib/libnio.so
77ca554a5000-77ca55500000 rw-p 00000000 00:00 0 
77ca55500000-77ca55504000 ---p 00000000 00:00 0 
77ca55504000-77ca55600000 rw-p 00000000 00:00 0 
77ca55600000-77ca558a9000 r--p 00000000 103:01 25727508                  /nix/store/cl36jmhc6yq7a0l3lpcxij8xah07wfl4-openjdk-21.0.10+7/lib/openjdk/lib/server/libjvm.so
77ca558a9000-77ca567bf000 r-xp 002a9000 103:01 25727508                  /nix/store/cl36jmhc6yq7a0l3lpcxij8xah07wfl4-openjdk-21.0.10+7/lib/openjdk/lib/server/libjvm.so
77ca567bf000-77ca56a98000 r--p 011bf000 103:01 25727508                  /nix/store/cl36jmhc6yq7a0l3lpcxij8xah07wfl4-openjdk-21.0.10+7/lib/openjdk/lib/server/libjvm.so
77ca56a98000-77ca56b6e000 r--p 01497000 103:01 25727508                  /nix/store/cl36jmhc6yq7a0l3lpcxij8xah07wfl4-openjdk-21.0.10+7/lib/openjdk/lib/server/libjvm.so
77ca56b6e000-77ca56b9e000 rw-p 0156d000 103:01 25727508                  /nix/store/cl36jmhc6yq7a0l3lpcxij8xah07wfl4-openjdk-21.0.10+7/lib/openjdk/lib/server/libjvm.so
77ca56b9e000-77ca56c04000 rw-p 00000000 00:00 0 
77ca56c04000-77ca56c08000 rw-p 01a00000 103:01 25727508                  /nix/store/cl36jmhc6yq7a0l3lpcxij8xah07wfl4-openjdk-21.0.10+7/lib/openjdk/lib/server/libjvm.so
77ca56c09000-77ca56c0c000 r--p 00000000 103:01 25722819                  /nix/store/cl36jmhc6yq7a0l3lpcxij8xah07wfl4-openjdk-21.0.10+7/lib/openjdk/lib/libzip.so
77ca56c0c000-77ca56c11000 r-xp 00003000 103:01 25722819                  /nix/store/cl36jmhc6yq7a0l3lpcxij8xah07wfl4-openjdk-21.0.10+7/lib/openjdk/lib/libzip.so
77ca56c11000-77ca56c13000 r--p 00008000 103:01 25722819                  /nix/store/cl36jmhc6yq7a0l3lpcxij8xah07wfl4-openjdk-21.0.10+7/lib/openjdk/lib/libzip.so
77ca56c13000-77ca56c14000 r--p 00009000 103:01 25722819                  /nix/store/cl36jmhc6yq7a0l3lpcxij8xah07wfl4-openjdk-21.0.10+7/lib/openjdk/lib/libzip.so
77ca56c14000-77ca56c15000 rw-p 0000a000 103:01 25722819                  /nix/store/cl36jmhc6yq7a0l3lpcxij8xah07wfl4-openjdk-21.0.10+7/lib/openjdk/lib/libzip.so
77ca56c15000-77ca56c17000 rw-p 0000d000 103:01 25722819                  /nix/store/cl36jmhc6yq7a0l3lpcxij8xah07wfl4-openjdk-21.0.10+7/lib/openjdk/lib/libzip.so
77ca56c17000-77ca56c93000 rw-p 00000000 00:00 0 
77ca56c93000-77ca56c99000 ---p 00000000 00:00 0 
77ca56c99000-77ca56ca7000 r--p 00000000 103:01 25722763                  /nix/store/cl36jmhc6yq7a0l3lpcxij8xah07wfl4-openjdk-21.0.10+7/lib/openjdk/lib/libjava.so
77ca56ca7000-77ca56cb6000 r-xp 0000e000 103:01 25722763                  /nix/store/cl36jmhc6yq7a0l3lpcxij8xah07wfl4-openjdk-21.0.10+7/lib/openjdk/lib/libjava.so
77ca56cb6000-77ca56cbb000 r--p 0001d000 103:01 25722763                  /nix/store/cl36jmhc6yq7a0l3lpcxij8xah07wfl4-openjdk-21.0.10+7/lib/openjdk/lib/libjava.so
77ca56cbb000-77ca56cbc000 r--p 00022000 103:01 25722763                  /nix/store/cl36jmhc6yq7a0l3lpcxij8xah07wfl4-openjdk-21.0.10+7/lib/openjdk/lib/libjava.so
77ca56cbc000-77ca56cbd000 rw-p 00023000 103:01 25722763                  /nix/store/cl36jmhc6yq7a0l3lpcxij8xah07wfl4-openjdk-21.0.10+7/lib/openjdk/lib/libjava.so
77ca56cbd000-77ca56cbe000 rw-p 00000000 00:00 0 
77ca56cbe000-77ca56cc4000 rw-p 0002e000 103:01 25722763                  /nix/store/cl36jmhc6yq7a0l3lpcxij8xah07wfl4-openjdk-21.0.10+7/lib/openjdk/lib/libjava.so
77ca56cc4000-77ca56ccc000 rw-s 00000000 00:30 193422                     /tmp/hsperfdata_soywod/382104
77ca56ccc000-77ca56ccd000 ---p 00000000 00:00 0 
77ca56ccd000-77ca56cce000 r--p 00000000 00:00 0 
77ca56cce000-77ca56cd0000 r--p 00000000 103:01 25722773                  /nix/store/cl36jmhc6yq7a0l3lpcxij8xah07wfl4-openjdk-21.0.10+7/lib/openjdk/lib/libjimage.so
77ca56cd0000-77ca56cd3000 r-xp 00002000 103:01 25722773                  /nix/store/cl36jmhc6yq7a0l3lpcxij8xah07wfl4-openjdk-21.0.10+7/lib/openjdk/lib/libjimage.so
77ca56cd3000-77ca56cd4000 r--p 00005000 103:01 25722773                  /nix/store/cl36jmhc6yq7a0l3lpcxij8xah07wfl4-openjdk-21.0.10+7/lib/openjdk/lib/libjimage.so
77ca56cd4000-77ca56cd5000 r--p 00006000 103:01 25722773                  /nix/store/cl36jmhc6yq7a0l3lpcxij8xah07wfl4-openjdk-21.0.10+7/lib/openjdk/lib/libjimage.so
77ca56cd5000-77ca56cd6000 rw-p 00007000 103:01 25722773                  /nix/store/cl36jmhc6yq7a0l3lpcxij8xah07wfl4-openjdk-21.0.10+7/lib/openjdk/lib/libjimage.so
77ca56cd6000-77ca56cd7000 rw-p 0000a000 103:01 25722773                  /nix/store/cl36jmhc6yq7a0l3lpcxij8xah07wfl4-openjdk-21.0.10+7/lib/openjdk/lib/libjimage.so
77ca56cd7000-77ca56cdb000 r--p 00000000 103:01 20206987                  /nix/store/phpq5h7cp6y1w84aysy29548irqy5dd9-gcc-14.3.0-libgcc/lib/libgcc_s.so.1
77ca56cdb000-77ca56cff000 r-xp 00004000 103:01 20206987                  /nix/store/phpq5h7cp6y1w84aysy29548irqy5dd9-gcc-14.3.0-libgcc/lib/libgcc_s.so.1
77ca56cff000-77ca56d03000 r--p 00028000 103:01 20206987                  /nix/store/phpq5h7cp6y1w84aysy29548irqy5dd9-gcc-14.3.0-libgcc/lib/libgcc_s.so.1
77ca56d03000-77ca56d04000 r--p 0002c000 103:01 20206987                  /nix/store/phpq5h7cp6y1w84aysy29548irqy5dd9-gcc-14.3.0-libgcc/lib/libgcc_s.so.1
77ca56d04000-77ca56d05000 rw-p 0002d000 103:01 20206987                  /nix/store/phpq5h7cp6y1w84aysy29548irqy5dd9-gcc-14.3.0-libgcc/lib/libgcc_s.so.1
77ca56d05000-77ca56d06000 r--p 00000000 103:01 20730139                  /nix/store/7nbi22pcc92y2fqbkyp7h3srvvklmckb-glibc-2.40-224/lib/librt.so.1
77ca56d06000-77ca56d07000 r-xp 00001000 103:01 20730139                  /nix/store/7nbi22pcc92y2fqbkyp7h3srvvklmckb-glibc-2.40-224/lib/librt.so.1
77ca56d07000-77ca56d08000 r--p 00002000 103:01 20730139                  /nix/store/7nbi22pcc92y2fqbkyp7h3srvvklmckb-glibc-2.40-224/lib/librt.so.1
77ca56d08000-77ca56d09000 r--p 00002000 103:01 20730139                  /nix/store/7nbi22pcc92y2fqbkyp7h3srvvklmckb-glibc-2.40-224/lib/librt.so.1
77ca56d09000-77ca56d0a000 rw-p 00003000 103:01 20730139                  /nix/store/7nbi22pcc92y2fqbkyp7h3srvvklmckb-glibc-2.40-224/lib/librt.so.1
77ca56d0a000-77ca56d13000 rw-p 00000000 00:00 0 
77ca56d13000-77ca56d16000 r--p 00000000 103:01 21267800                  /nix/store/v1qmlpgglmx24mwq0y26liq81lykck1p-libcap-2.77-lib/lib/libcap.so.2.77
77ca56d16000-77ca56d1c000 r-xp 00003000 103:01 21267800                  /nix/store/v1qmlpgglmx24mwq0y26liq81lykck1p-libcap-2.77-lib/lib/libcap.so.2.77
77ca56d1c000-77ca56d1e000 r--p 00009000 103:01 21267800                  /nix/store/v1qmlpgglmx24mwq0y26liq81lykck1p-libcap-2.77-lib/lib/libcap.so.2.77
77ca56d1e000-77ca56d1f000 r--p 0000a000 103:01 21267800                  /nix/store/v1qmlpgglmx24mwq0y26liq81lykck1p-libcap-2.77-lib/lib/libcap.so.2.77
77ca56d1f000-77ca56d20000 rw-p 0000b000 103:01 21267800                  /nix/store/v1qmlpgglmx24mwq0y26liq81lykck1p-libcap-2.77-lib/lib/libcap.so.2.77
77ca56d20000-77ca56d22000 r--p 00000000 103:01 21365086                  /nix/store/i74p8p3xbllmfdsq6rhniy7fyj4vm2bc-libdatrie-2019-12-20-lib/lib/libdatrie.so.1.3.5
77ca56d22000-77ca56d26000 r-xp 00002000 103:01 21365086                  /nix/store/i74p8p3xbllmfdsq6rhniy7fyj4vm2bc-libdatrie-2019-12-20-lib/lib/libdatrie.so.1.3.5
77ca56d26000-77ca56d28000 r--p 00006000 103:01 21365086                  /nix/store/i74p8p3xbllmfdsq6rhniy7fyj4vm2bc-libdatrie-2019-12-20-lib/lib/libdatrie.so.1.3.5
77ca56d28000-77ca56d29000 r--p 00007000 103:01 21365086                  /nix/store/i74p8p3xbllmfdsq6rhniy7fyj4vm2bc-libdatrie-2019-12-20-lib/lib/libdatrie.so.1.3.5
77ca56d29000-77ca56d2a000 rw-p 00008000 103:01 21365086                  /nix/store/i74p8p3xbllmfdsq6rhniy7fyj4vm2bc-libdatrie-2019-12-20-lib/lib/libdatrie.so.1.3.5
77ca56d2a000-77ca56d2c000 rw-p 00000000 00:00 0 
77ca56d2c000-77ca56d2e000 r--p 00000000 103:01 21367525                  /nix/store/bf9r6msn85i6gkcaw8rmw3ycpknvmc1q-libxdmcp-1.1.5/lib/libXdmcp.so.6.0.0
77ca56d2e000-77ca56d30000 r-xp 00002000 103:01 21367525                  /nix/store/bf9r6msn85i6gkcaw8rmw3ycpknvmc1q-libxdmcp-1.1.5/lib/libXdmcp.so.6.0.0
77ca56d30000-77ca56d32000 r--p 00004000 103:01 21367525                  /nix/store/bf9r6msn85i6gkcaw8rmw3ycpknvmc1q-libxdmcp-1.1.5/lib/libXdmcp.so.6.0.0
77ca56d32000-77ca56d33000 r--p 00005000 103:01 21367525                  /nix/store/bf9r6msn85i6gkcaw8rmw3ycpknvmc1q-libxdmcp-1.1.5/lib/libXdmcp.so.6.0.0
77ca56d33000-77ca56d34000 rw-p 00006000 103:01 21367525                  /nix/store/bf9r6msn85i6gkcaw8rmw3ycpknvmc1q-libxdmcp-1.1.5/lib/libXdmcp.so.6.0.0
77ca56d34000-77ca56d35000 r--p 00000000 103:01 21367392                  /nix/store/5749csavyqh81089102q5s7dvixv7pwy-libxau-1.0.12/lib/libXau.so.6.0.0
77ca56d35000-77ca56d36000 r-xp 00001000 103:01 21367392                  /nix/store/5749csavyqh81089102q5s7dvixv7pwy-libxau-1.0.12/lib/libXau.so.6.0.0
77ca56d36000-77ca56d37000 r--p 00002000 103:01 21367392                  /nix/store/5749csavyqh81089102q5s7dvixv7pwy-libxau-1.0.12/lib/libXau.so.6.0.0
77ca56d37000-77ca56d38000 r--p 00002000 103:01 21367392                  /nix/store/5749csavyqh81089102q5s7dvixv7pwy-libxau-1.0.12/lib/libXau.so.6.0.0
77ca56d38000-77ca56d39000 rw-p 00003000 103:01 21367392                  /nix/store/5749csavyqh81089102q5s7dvixv7pwy-libxau-1.0.12/lib/libXau.so.6.0.0
77ca56d39000-77ca56d5e000 r--p 00000000 103:01 25444915                  /nix/store/fxvfc1qlmkqaiipmsz1hzwd4p3gxh9cy-systemd-minimal-258.7/lib/libsystemd.so.0.41.0
77ca56d5e000-77ca56eb7000 r-xp 00025000 103:01 25444915                  /nix/store/fxvfc1qlmkqaiipmsz1hzwd4p3gxh9cy-systemd-minimal-258.7/lib/libsystemd.so.0.41.0
77ca56eb7000-77ca56f23000 r--p 0017e000 103:01 25444915                  /nix/store/fxvfc1qlmkqaiipmsz1hzwd4p3gxh9cy-systemd-minimal-258.7/lib/libsystemd.so.0.41.0
77ca56f23000-77ca56f2f000 r--p 001ea000 103:01 25444915                  /nix/store/fxvfc1qlmkqaiipmsz1hzwd4p3gxh9cy-systemd-minimal-258.7/lib/libsystemd.so.0.41.0
77ca56f2f000-77ca56f30000 rw-p 001f6000 103:01 25444915                  /nix/store/fxvfc1qlmkqaiipmsz1hzwd4p3gxh9cy-systemd-minimal-258.7/lib/libsystemd.so.0.41.0
77ca56f30000-77ca56f31000 rw-p 00000000 00:00 0 
77ca56f31000-77ca56f3b000 r--p 00000000 103:01 21374407                  /nix/store/c1g2l2ki0rgf30amwkd2jag992qkv8qm-util-linux-minimal-2.41.4-lib/lib/libblkid.so.1.1.0
77ca56f3b000-77ca56f7b000 r-xp 0000a000 103:01 21374407                  /nix/store/c1g2l2ki0rgf30amwkd2jag992qkv8qm-util-linux-minimal-2.41.4-lib/lib/libblkid.so.1.1.0
77ca56f7b000-77ca56f8c000 r--p 0004a000 103:01 21374407                  /nix/store/c1g2l2ki0rgf30amwkd2jag992qkv8qm-util-linux-minimal-2.41.4-lib/lib/libblkid.so.1.1.0
77ca56f8c000-77ca56f92000 r--p 0005b000 103:01 21374407                  /nix/store/c1g2l2ki0rgf30amwkd2jag992qkv8qm-util-linux-minimal-2.41.4-lib/lib/libblkid.so.1.1.0
77ca56f92000-77ca56f93000 rw-p 00061000 103:01 21374407                  /nix/store/c1g2l2ki0rgf30amwkd2jag992qkv8qm-util-linux-minimal-2.41.4-lib/lib/libblkid.so.1.1.0
77ca56f93000-77ca56f95000 rw-p 00000000 00:00 0 
77ca56f95000-77ca56fa9000 r--p 00000000 103:01 21386560                  /nix/store/p0070ky52z5qq0s7815dc93v1xh9bnd4-sqlite-3.50.4/lib/libsqlite3.so.3.50.4
77ca56fa9000-77ca570ef000 r-xp 00014000 103:01 21386560                  /nix/store/p0070ky52z5qq0s7815dc93v1xh9bnd4-sqlite-3.50.4/lib/libsqlite3.so.3.50.4
77ca570ef000-77ca57122000 r--p 0015a000 103:01 21386560                  /nix/store/p0070ky52z5qq0s7815dc93v1xh9bnd4-sqlite-3.50.4/lib/libsqlite3.so.3.50.4
77ca57122000-77ca57126000 r--p 0018c000 103:01 21386560                  /nix/store/p0070ky52z5qq0s7815dc93v1xh9bnd4-sqlite-3.50.4/lib/libsqlite3.so.3.50.4
77ca57126000-77ca5712b000 rw-p 00190000 103:01 21386560                  /nix/store/p0070ky52z5qq0s7815dc93v1xh9bnd4-sqlite-3.50.4/lib/libsqlite3.so.3.50.4
77ca5712b000-77ca57152000 r--p 00000000 103:01 21367528                  /nix/store/sfr6nmzr70gxxims699q5ndn5mgwsqy2-libxml2-2.15.1/lib/libxml2.so.16.1.1
77ca57152000-77ca57228000 r-xp 00027000 103:01 21367528                  /nix/store/sfr6nmzr70gxxims699q5ndn5mgwsqy2-libxml2-2.15.1/lib/libxml2.so.16.1.1
77ca57228000-77ca57265000 r--p 000fd000 103:01 21367528                  /nix/store/sfr6nmzr70gxxims699q5ndn5mgwsqy2-libxml2-2.15.1/lib/libxml2.so.16.1.1
77ca57265000-77ca5726e000 r--p 0013a000 103:01 21367528                  /nix/store/sfr6nmzr70gxxims699q5ndn5mgwsqy2-libxml2-2.15.1/lib/libxml2.so.16.1.1
77ca5726e000-77ca5726f000 rw-p 00143000 103:01 21367528                  /nix/store/sfr6nmzr70gxxims699q5ndn5mgwsqy2-libxml2-2.15.1/lib/libxml2.so.16.1.1
77ca5726f000-77ca57270000 rw-p 00000000 00:00 0 
77ca57270000-77ca5727a000 r--p 00000000 103:01 25447418                  /nix/store/ziw5m7lc39g5zm4bcir592m6yk0f9nkp-json-glib-1.10.8/lib/libjson-glib-1.0.so.0.1000.8
77ca5727a000-77ca57291000 r-xp 0000a000 103:01 25447418                  /nix/store/ziw5m7lc39g5zm4bcir592m6yk0f9nkp-json-glib-1.10.8/lib/libjson-glib-1.0.so.0.1000.8
77ca57291000-77ca5729a000 r--p 00021000 103:01 25447418                  /nix/store/ziw5m7lc39g5zm4bcir592m6yk0f9nkp-json-glib-1.10.8/lib/libjson-glib-1.0.so.0.1000.8
77ca5729a000-77ca5729b000 r--p 0002a000 103:01 25447418                  /nix/store/ziw5m7lc39g5zm4bcir592m6yk0f9nkp-json-glib-1.10.8/lib/libjson-glib-1.0.so.0.1000.8
77ca5729b000-77ca5729c000 rw-p 0002b000 103:01 25447418                  /nix/store/ziw5m7lc39g5zm4bcir592m6yk0f9nkp-json-glib-1.10.8/lib/libjson-glib-1.0.so.0.1000.8
77ca5729c000-77ca572af000 r--p 00000000 103:01 25449565                  /nix/store/f12ck4ksrxmx8fd1f4sf15v9rmc6lzbx-at-spi2-core-2.58.2/lib/libatspi.so.0.0.1
77ca572af000-77ca572ca000 r-xp 00013000 103:01 25449565                  /nix/store/f12ck4ksrxmx8fd1f4sf15v9rmc6lzbx-at-spi2-core-2.58.2/lib/libatspi.so.0.0.1
77ca572ca000-77ca572d8000 r--p 0002e000 103:01 25449565                  /nix/store/f12ck4ksrxmx8fd1f4sf15v9rmc6lzbx-at-spi2-core-2.58.2/lib/libatspi.so.0.0.1
77ca572d8000-77ca572dc000 r--p 0003b000 103:01 25449565                  /nix/store/f12ck4ksrxmx8fd1f4sf15v9rmc6lzbx-at-spi2-core-2.58.2/lib/libatspi.so.0.0.1
77ca572dc000-77ca572dd000 rw-p 0003f000 103:01 25449565                  /nix/store/f12ck4ksrxmx8fd1f4sf15v9rmc6lzbx-at-spi2-core-2.58.2/lib/libatspi.so.0.0.1
77ca572dd000-77ca572df000 rw-p 00000000 00:00 0 
77ca572df000-77ca572e5000 r--p 00000000 103:01 20207424                  /nix/store/qdyy35wcc7a4spis06w9w0s7nb0sym63-libjpeg-turbo-3.1.4/lib/libjpeg.so.62.4.0
77ca572e5000-77ca57385000 r-xp 00006000 103:01 20207424                  /nix/store/qdyy35wcc7a4spis06w9w0s7nb0sym63-libjpeg-turbo-3.1.4/lib/libjpeg.so.62.4.0
77ca57385000-77ca573ab000 r--p 000a6000 103:01 20207424                  /nix/store/qdyy35wcc7a4spis06w9w0s7nb0sym63-libjpeg-turbo-3.1.4/lib/libjpeg.so.62.4.0
77ca573ab000-77ca573ac000 r--p 000cc000 103:01 20207424                  /nix/store/qdyy35wcc7a4spis06w9w0s7nb0sym63-libjpeg-turbo-3.1.4/lib/libjpeg.so.62.4.0
77ca573ac000-77ca573ad000 rw-p 000cd000 103:01 20207424                  /nix/store/qdyy35wcc7a4spis06w9w0s7nb0sym63-libjpeg-turbo-3.1.4/lib/libjpeg.so.62.4.0
77ca573ad000-77ca573b9000 r--p 00000000 103:01 25443352                  /nix/store/mmb6zc8nnnbb25ma4r83cw9611yhwi6v-pixman-0.46.4/lib/libpixman-1.so.0.46.4
77ca573b9000-77ca5744d000 r-xp 0000c000 103:01 25443352                  /nix/store/mmb6zc8nnnbb25ma4r83cw9611yhwi6v-pixman-0.46.4/lib/libpixman-1.so.0.46.4
77ca5744d000-77ca5745d000 r--p 000a0000 103:01 25443352                  /nix/store/mmb6zc8nnnbb25ma4r83cw9611yhwi6v-pixman-0.46.4/lib/libpixman-1.so.0.46.4
77ca5745d000-77ca57465000 r--p 000b0000 103:01 25443352                  /nix/store/mmb6zc8nnnbb25ma4r83cw9611yhwi6v-pixman-0.46.4/lib/libpixman-1.so.0.46.4
77ca57465000-77ca57466000 rw-p 000b8000 103:01 25443352                  /nix/store/mmb6zc8nnnbb25ma4r83cw9611yhwi6v-pixman-0.46.4/lib/libpixman-1.so.0.46.4
77ca57466000-77ca57467000 r--p 00000000 103:01 22440917                  /nix/store/7ppbahm97rqi2yf3kw85qh792g1253m4-libxcb-1.17.0/lib/libxcb-shm.so.0.0.0
77ca57467000-77ca57468000 r-xp 00001000 103:01 22440917                  /nix/store/7ppbahm97rqi2yf3kw85qh792g1253m4-libxcb-1.17.0/lib/libxcb-shm.so.0.0.0
77ca57468000-77ca57469000 r--p 00002000 103:01 22440917                  /nix/store/7ppbahm97rqi2yf3kw85qh792g1253m4-libxcb-1.17.0/lib/libxcb-shm.so.0.0.0
77ca57469000-77ca5746a000 r--p 00002000 103:01 22440917                  /nix/store/7ppbahm97rqi2yf3kw85qh792g1253m4-libxcb-1.17.0/lib/libxcb-shm.so.0.0.0
77ca5746a000-77ca5746b000 rw-p 00003000 103:01 22440917                  /nix/store/7ppbahm97rqi2yf3kw85qh792g1253m4-libxcb-1.17.0/lib/libxcb-shm.so.0.0.0
77ca5746b000-77ca57471000 r--p 00000000 103:01 22440808                  /nix/store/7ppbahm97rqi2yf3kw85qh792g1253m4-libxcb-1.17.0/lib/libxcb-render.so.0.0.0
77ca57471000-77ca57477000 r-xp 00006000 103:01 22440808                  /nix/store/7ppbahm97rqi2yf3kw85qh792g1253m4-libxcb-1.17.0/lib/libxcb-render.so.0.0.0
77ca57477000-77ca5747a000 r--p 0000c000 103:01 22440808                  /nix/store/7ppbahm97rqi2yf3kw85qh792g1253m4-libxcb-1.17.0/lib/libxcb-render.so.0.0.0
77ca5747a000-77ca5747b000 r--p 0000e000 103:01 22440808                  /nix/store/7ppbahm97rqi2yf3kw85qh792g1253m4-libxcb-1.17.0/lib/libxcb-render.so.0.0.0
77ca5747b000-77ca5747c000 rw-p 0000f000 103:01 22440808                  /nix/store/7ppbahm97rqi2yf3kw85qh792g1253m4-libxcb-1.17.0/lib/libxcb-render.so.0.0.0
77ca5747c000-77ca5747e000 rw-p 00000000 00:00 0 
77ca5747e000-77ca57481000 r--p 00000000 103:01 21265345                  /nix/store/93akv1azjx7219i5lpz031h7njjs5zcq-graphite2-1.3.14/lib/libgraphite2.so.3.2.1
77ca57481000-77ca574a1000 r-xp 00003000 103:01 21265345                  /nix/store/93akv1azjx7219i5lpz031h7njjs5zcq-graphite2-1.3.14/lib/libgraphite2.so.3.2.1
77ca574a1000-77ca574a5000 r--p 00023000 103:01 21265345                  /nix/store/93akv1azjx7219i5lpz031h7njjs5zcq-graphite2-1.3.14/lib/libgraphite2.so.3.2.1
77ca574a5000-77ca574a7000 r--p 00027000 103:01 21265345                  /nix/store/93akv1azjx7219i5lpz031h7njjs5zcq-graphite2-1.3.14/lib/libgraphite2.so.3.2.1
77ca574a7000-77ca574a8000 rw-p 00029000 103:01 21265345                  /nix/store/93akv1azjx7219i5lpz031h7njjs5zcq-graphite2-1.3.14/lib/libgraphite2.so.3.2.1
77ca574a8000-77ca574ab000 r--p 00000000 103:01 21367257                  /nix/store/8ji8b68z8jm8xa0gsawjbdi330xpdis4-libthai-0.1.29/lib/libthai.so.0.3.1
77ca574ab000-77ca574b0000 r-xp 00003000 103:01 21367257                  /nix/store/8ji8b68z8jm8xa0gsawjbdi330xpdis4-libthai-0.1.29/lib/libthai.so.0.3.1
77ca574b0000-77ca574b3000 r--p 00008000 103:01 21367257                  /nix/store/8ji8b68z8jm8xa0gsawjbdi330xpdis4-libthai-0.1.29/lib/libthai.so.0.3.1
77ca574b3000-77ca574b4000 r--p 0000a000 103:01 21367257                  /nix/store/8ji8b68z8jm8xa0gsawjbdi330xpdis4-libthai-0.1.29/lib/libthai.so.0.3.1
77ca574b4000-77ca574b5000 rw-p 0000b000 103:01 21367257                  /nix/store/8ji8b68z8jm8xa0gsawjbdi330xpdis4-libthai-0.1.29/lib/libthai.so.0.3.1
77ca574b5000-77ca574b7000 r--p 00000000 103:01 21365628                  /nix/store/2xnpx1d5q8iwmpyjdw51wvyqngy8b6ma-libffi-3.5.2/lib/libffi.so.8.2.0
77ca574b7000-77ca574c2000 r-xp 00002000 103:01 21365628                  /nix/store/2xnpx1d5q8iwmpyjdw51wvyqngy8b6ma-libffi-3.5.2/lib/libffi.so.8.2.0
77ca574c2000-77ca574c4000 r--p 0000d000 103:01 21365628                  /nix/store/2xnpx1d5q8iwmpyjdw51wvyqngy8b6ma-libffi-3.5.2/lib/libffi.so.8.2.0
77ca574c4000-77ca574c5000 r--p 0000e000 103:01 21365628                  /nix/store/2xnpx1d5q8iwmpyjdw51wvyqngy8b6ma-libffi-3.5.2/lib/libffi.so.8.2.0
77ca574c5000-77ca574c6000 rw-p 0000f000 103:01 21365628                  /nix/store/2xnpx1d5q8iwmpyjdw51wvyqngy8b6ma-libffi-3.5.2/lib/libffi.so.8.2.0
77ca574c6000-77ca574c8000 rw-p 00000000 00:00 0 
77ca574c8000-77ca574cb000 r--p 00000000 103:01 21371515                  /nix/store/nm1r86xxvj45gyqpxha74cddb3d28wzm-pcre2-10.46/lib/libpcre2-8.so.0.14.0
77ca574cb000-77ca57549000 r-xp 00003000 103:01 21371515                  /nix/store/nm1r86xxvj45gyqpxha74cddb3d28wzm-pcre2-10.46/lib/libpcre2-8.so.0.14.0
77ca57549000-77ca57574000 r--p 00081000 103:01 21371515                  /nix/store/nm1r86xxvj45gyqpxha74cddb3d28wzm-pcre2-10.46/lib/libpcre2-8.so.0.14.0
77ca57574000-77ca57575000 r--p 000ab000 103:01 21371515                  /nix/store/nm1r86xxvj45gyqpxha74cddb3d28wzm-pcre2-10.46/lib/libpcre2-8.so.0.14.0
77ca57575000-77ca57576000 rw-p 000ac000 103:01 21371515                  /nix/store/nm1r86xxvj45gyqpxha74cddb3d28wzm-pcre2-10.46/lib/libpcre2-8.so.0.14.0
77ca57576000-77ca57577000 r--p 00000000 103:01 22981246                  /nix/store/pa71nicjq7x5qi6djflgy3pws3pvagg7-libxcomposite-0.4.6/lib/libXcomposite.so.1.0.0
77ca57577000-77ca57578000 r-xp 00001000 103:01 22981246                  /nix/store/pa71nicjq7x5qi6djflgy3pws3pvagg7-libxcomposite-0.4.6/lib/libXcomposite.so.1.0.0
77ca57578000-77ca57579000 r--p 00002000 103:01 22981246                  /nix/store/pa71nicjq7x5qi6djflgy3pws3pvagg7-libxcomposite-0.4.6/lib/libXcomposite.so.1.0.0
77ca57579000-77ca5757a000 r--p 00002000 103:01 22981246                  /nix/store/pa71nicjq7x5qi6djflgy3pws3pvagg7-libxcomposite-0.4.6/lib/libXcomposite.so.1.0.0
77ca5757a000-77ca5757b000 rw-p 00003000 103:01 22981246                  /nix/store/pa71nicjq7x5qi6djflgy3pws3pvagg7-libxcomposite-0.4.6/lib/libXcomposite.so.1.0.0
77ca5757b000-77ca5757c000 r--p 00000000 103:01 20448265                  /nix/store/qkbp133g86qh8iys3l8v6zf4v888bbcg-libxdamage-1.1.6/lib/libXdamage.so.1.1.0
77ca5757c000-77ca5757d000 r-xp 00001000 103:01 20448265                  /nix/store/qkbp133g86qh8iys3l8v6zf4v888bbcg-libxdamage-1.1.6/lib/libXdamage.so.1.1.0
77ca5757d000-77ca5757e000 r--p 00002000 103:01 20448265                  /nix/store/qkbp133g86qh8iys3l8v6zf4v888bbcg-libxdamage-1.1.6/lib/libXdamage.so.1.1.0
77ca5757e000-77ca5757f000 r--p 00002000 103:01 20448265                  /nix/store/qkbp133g86qh8iys3l8v6zf4v888bbcg-libxdamage-1.1.6/lib/libXdamage.so.1.1.0
77ca5757f000-77ca57580000 rw-p 00003000 103:01 20448265                  /nix/store/qkbp133g86qh8iys3l8v6zf4v888bbcg-libxdamage-1.1.6/lib/libXdamage.so.1.1.0
77ca57580000-77ca57583000 r--p 00000000 103:01 20448270                  /nix/store/w65d6nq8ipy3qv2sj3j0lhkjf77lsqf3-libxcursor-1.2.3/lib/libXcursor.so.1.0.2
77ca57583000-77ca57589000 r-xp 00003000 103:01 20448270                  /nix/store/w65d6nq8ipy3qv2sj3j0lhkjf77lsqf3-libxcursor-1.2.3/lib/libXcursor.so.1.0.2
77ca57589000-77ca5758b000 r--p 00009000 103:01 20448270                  /nix/store/w65d6nq8ipy3qv2sj3j0lhkjf77lsqf3-libxcursor-1.2.3/lib/libXcursor.so.1.0.2
77ca5758b000-77ca5758c000 r--p 0000a000 103:01 20448270                  /nix/store/w65d6nq8ipy3qv2sj3j0lhkjf77lsqf3-libxcursor-1.2.3/lib/libXcursor.so.1.0.2
77ca5758c000-77ca5758d000 rw-p 0000b000 103:01 20448270                  /nix/store/w65d6nq8ipy3qv2sj3j0lhkjf77lsqf3-libxcursor-1.2.3/lib/libXcursor.so.1.0.2
77ca5758d000-77ca5758e000 r--p 00000000 103:01 25439920                  /nix/store/rqzf2jd3cc5ngavxmmczjbz3bnsd3x4b-wayland-1.24.0/lib/libwayland-egl.so.1.24.0
77ca5758e000-77ca5758f000 r-xp 00001000 103:01 25439920                  /nix/store/rqzf2jd3cc5ngavxmmczjbz3bnsd3x4b-wayland-1.24.0/lib/libwayland-egl.so.1.24.0
77ca5758f000-77ca57590000 r--p 00002000 103:01 25439920                  /nix/store/rqzf2jd3cc5ngavxmmczjbz3bnsd3x4b-wayland-1.24.0/lib/libwayland-egl.so.1.24.0
77ca57590000-77ca57591000 r--p 00002000 103:01 25439920                  /nix/store/rqzf2jd3cc5ngavxmmczjbz3bnsd3x4b-wayland-1.24.0/lib/libwayland-egl.so.1.24.0
77ca57591000-77ca57592000 rw-p 00003000 103:01 25439920                  /nix/store/rqzf2jd3cc5ngavxmmczjbz3bnsd3x4b-wayland-1.24.0/lib/libwayland-egl.so.1.24.0
77ca57592000-77ca57598000 r--p 00000000 103:01 25439897                  /nix/store/rqzf2jd3cc5ngavxmmczjbz3bnsd3x4b-wayland-1.24.0/lib/libwayland-client.so.0.24.0
77ca57598000-77ca5759f000 r-xp 00006000 103:01 25439897                  /nix/store/rqzf2jd3cc5ngavxmmczjbz3bnsd3x4b-wayland-1.24.0/lib/libwayland-client.so.0.24.0
77ca5759f000-77ca575a2000 r--p 0000d000 103:01 25439897                  /nix/store/rqzf2jd3cc5ngavxmmczjbz3bnsd3x4b-wayland-1.24.0/lib/libwayland-client.so.0.24.0
77ca575a2000-77ca575a4000 r--p 00010000 103:01 25439897                  /nix/store/rqzf2jd3cc5ngavxmmczjbz3bnsd3x4b-wayland-1.24.0/lib/libwayland-client.so.0.24.0
77ca575a4000-77ca575a5000 rw-p 00012000 103:01 25439897                  /nix/store/rqzf2jd3cc5ngavxmmczjbz3bnsd3x4b-wayland-1.24.0/lib/libwayland-client.so.0.24.0
77ca575a5000-77ca575ab000 r--p 00000000 103:01 25447339                  /nix/store/xd4hwvnf9gwfb3pnkxljaf39ybq3lgd3-libxkbcommon-1.11.0/lib/libxkbcommon.so.0.11.0
77ca575ab000-77ca575d5000 r-xp 00006000 103:01 25447339                  /nix/store/xd4hwvnf9gwfb3pnkxljaf39ybq3lgd3-libxkbcommon-1.11.0/lib/libxkbcommon.so.0.11.0
77ca575d5000-77ca575fd000 r--p 00030000 103:01 25447339                  /nix/store/xd4hwvnf9gwfb3pnkxljaf39ybq3lgd3-libxkbcommon-1.11.0/lib/libxkbcommon.so.0.11.0
77ca575fd000-77ca575ff000 r--p 00057000 103:01 25447339                  /nix/store/xd4hwvnf9gwfb3pnkxljaf39ybq3lgd3-libxkbcommon-1.11.0/lib/libxkbcommon.so.0.11.0
77ca575ff000-77ca57600000 rw-p 00059000 103:01 25447339                  /nix/store/xd4hwvnf9gwfb3pnkxljaf39ybq3lgd3-libxkbcommon-1.11.0/lib/libxkbcommon.so.0.11.0
77ca57600000-77ca5760d000 r--p 00000000 103:01 22441277                  /nix/store/7ppbahm97rqi2yf3kw85qh792g1253m4-libxcb-1.17.0/lib/libxcb.so.1.1.0
77ca5760d000-77ca57621000 r-xp 0000d000 103:01 22441277                  /nix/store/7ppbahm97rqi2yf3kw85qh792g1253m4-libxcb-1.17.0/lib/libxcb.so.1.1.0
77ca57621000-77ca5762a000 r--p 00021000 103:01 22441277                  /nix/store/7ppbahm97rqi2yf3kw85qh792g1253m4-libxcb-1.17.0/lib/libxcb.so.1.1.0
77ca5762a000-77ca5762b000 r--p 0002a000 103:01 22441277                  /nix/store/7ppbahm97rqi2yf3kw85qh792g1253m4-libxcb-1.17.0/lib/libxcb.so.1.1.0
77ca5762b000-77ca5762c000 rw-p 0002b000 103:01 22441277                  /nix/store/7ppbahm97rqi2yf3kw85qh792g1253m4-libxcb-1.17.0/lib/libxcb.so.1.1.0
77ca5762c000-77ca5763e000 r--p 00000000 103:01 21265334                  /nix/store/hi0ar880110k6jsmmili7dh1gq3cg2a9-gmp-with-cxx-6.3.0/lib/libgmp.so.10.5.0
77ca5763e000-77ca576be000 r-xp 00012000 103:01 21265334                  /nix/store/hi0ar880110k6jsmmili7dh1gq3cg2a9-gmp-with-cxx-6.3.0/lib/libgmp.so.10.5.0
77ca576be000-77ca576d3000 r--p 00092000 103:01 21265334                  /nix/store/hi0ar880110k6jsmmili7dh1gq3cg2a9-gmp-with-cxx-6.3.0/lib/libgmp.so.10.5.0
77ca576d3000-77ca576d5000 r--p 000a7000 103:01 21265334                  /nix/store/hi0ar880110k6jsmmili7dh1gq3cg2a9-gmp-with-cxx-6.3.0/lib/libgmp.so.10.5.0
77ca576d5000-77ca576d6000 rw-p 000a9000 103:01 21265334                  /nix/store/hi0ar880110k6jsmmili7dh1gq3cg2a9-gmp-with-cxx-6.3.0/lib/libgmp.so.10.5.0
77ca576d6000-77ca576e5000 r--p 00000000 103:01 21368352                  /nix/store/9nn2lsfbvy96jq83lsd9pixrby3s9f8i-nettle-3.10.2/lib/libnettle.so.8.11
77ca576e5000-77ca57712000 r-xp 0000f000 103:01 21368352                  /nix/store/9nn2lsfbvy96jq83lsd9pixrby3s9f8i-nettle-3.10.2/lib/libnettle.so.8.11
77ca57712000-77ca57729000 r--p 0003c000 103:01 21368352                  /nix/store/9nn2lsfbvy96jq83lsd9pixrby3s9f8i-nettle-3.10.2/lib/libnettle.so.8.11
77ca57729000-77ca5772c000 r--p 00052000 103:01 21368352                  /nix/store/9nn2lsfbvy96jq83lsd9pixrby3s9f8i-nettle-3.10.2/lib/libnettle.so.8.11
77ca5772c000-77ca5772d000 rw-p 00055000 103:01 21368352                  /nix/store/9nn2lsfbvy96jq83lsd9pixrby3s9f8i-nettle-3.10.2/lib/libnettle.so.8.11
77ca5772d000-77ca57737000 r--p 00000000 103:01 21368348                  /nix/store/9nn2lsfbvy96jq83lsd9pixrby3s9f8i-nettle-3.10.2/lib/libhogweed.so.6.11
77ca57737000-77ca5774d000 r-xp 0000a000 103:01 21368348                  /nix/store/9nn2lsfbvy96jq83lsd9pixrby3s9f8i-nettle-3.10.2/lib/libhogweed.so.6.11
77ca5774d000-77ca57776000 r--p 00020000 103:01 21368348                  /nix/store/9nn2lsfbvy96jq83lsd9pixrby3s9f8i-nettle-3.10.2/lib/libhogweed.so.6.11
77ca57776000-77ca57778000 r--p 00049000 103:01 21368348                  /nix/store/9nn2lsfbvy96jq83lsd9pixrby3s9f8i-nettle-3.10.2/lib/libhogweed.so.6.11
77ca57778000-77ca57779000 rw-p 0004b000 103:01 21368348                  /nix/store/9nn2lsfbvy96jq83lsd9pixrby3s9f8i-nettle-3.10.2/lib/libhogweed.so.6.11
77ca57779000-77ca5777c000 r--p 00000000 103:01 21367158                  /nix/store/84a9a8xb411ysrw486jrr7z6nr6ypc92-libtasn1-4.21.0/lib/libtasn1.so.6.6.5
77ca5777c000-77ca5778a000 r-xp 00003000 103:01 21367158                  /nix/store/84a9a8xb411ysrw486jrr7z6nr6ypc92-libtasn1-4.21.0/lib/libtasn1.so.6.6.5
77ca5778a000-77ca5778e000 r--p 00011000 103:01 21367158                  /nix/store/84a9a8xb411ysrw486jrr7z6nr6ypc92-libtasn1-4.21.0/lib/libtasn1.so.6.6.5
77ca5778e000-77ca5778f000 r--p 00014000 103:01 21367158                  /nix/store/84a9a8xb411ysrw486jrr7z6nr6ypc92-libtasn1-4.21.0/lib/libtasn1.so.6.6.5
77ca5778f000-77ca57790000 rw-p 00015000 103:01 21367158                  /nix/store/84a9a8xb411ysrw486jrr7z6nr6ypc92-libtasn1-4.21.0/lib/libtasn1.so.6.6.5
77ca57790000-77ca577a4000 r--p 00000000 103:01 20206990                  /nix/store/hjwppd89fk8781xl4r35xqlddwqi5f66-libunistring-1.4.1/lib/libunistring.so.5.2.1
77ca577a4000-77ca577e9000 r-xp 00014000 103:01 20206990                  /nix/store/hjwppd89fk8781xl4r35xqlddwqi5f66-libunistring-1.4.1/lib/libunistring.so.5.2.1
77ca577e9000-77ca57978000 r--p 00059000 103:01 20206990                  /nix/store/hjwppd89fk8781xl4r35xqlddwqi5f66-libunistring-1.4.1/lib/libunistring.so.5.2.1
77ca57978000-77ca5797c000 r--p 001e8000 103:01 20206990                  /nix/store/hjwppd89fk8781xl4r35xqlddwqi5f66-libunistring-1.4.1/lib/libunistring.so.5.2.1
77ca5797c000-77ca5797d000 rw-p 001ec000 103:01 20206990                  /nix/store/hjwppd89fk8781xl4r35xqlddwqi5f66-libunistring-1.4.1/lib/libunistring.so.5.2.1
77ca5797d000-77ca5797f000 r--p 00000000 103:01 20993830                  /nix/store/qywg7bxskvihq62ms2g51fkzkrdnyfkh-libidn2-2.3.8/lib/libidn2.so.0.4.0
77ca5797f000-77ca57985000 r-xp 00002000 103:01 20993830                  /nix/store/qywg7bxskvihq62ms2g51fkzkrdnyfkh-libidn2-2.3.8/lib/libidn2.so.0.4.0
77ca57985000-77ca579ac000 r--p 00008000 103:01 20993830                  /nix/store/qywg7bxskvihq62ms2g51fkzkrdnyfkh-libidn2-2.3.8/lib/libidn2.so.0.4.0
77ca579ac000-77ca579ad000 r--p 0002e000 103:01 20993830                  /nix/store/qywg7bxskvihq62ms2g51fkzkrdnyfkh-libidn2-2.3.8/lib/libidn2.so.0.4.0
77ca579ad000-77ca579ae000 rw-p 0002f000 103:01 20993830                  /nix/store/qywg7bxskvihq62ms2g51fkzkrdnyfkh-libidn2-2.3.8/lib/libidn2.so.0.4.0
77ca579ae000-77ca579e9000 r--p 00000000 103:01 22981226                  /nix/store/fp7jcyxrjwzl706y6r6xrlm44ada594j-p11-kit-0.25.10/lib/libp11-kit.so.0.4.5
77ca579e9000-77ca57acc000 r-xp 0003b000 103:01 22981226                  /nix/store/fp7jcyxrjwzl706y6r6xrlm44ada594j-p11-kit-0.25.10/lib/libp11-kit.so.0.4.5
77ca57acc000-77ca57b4b000 r--p 0011e000 103:01 22981226                  /nix/store/fp7jcyxrjwzl706y6r6xrlm44ada594j-p11-kit-0.25.10/lib/libp11-kit.so.0.4.5
77ca57b4b000-77ca57b5b000 r--p 0019c000 103:01 22981226                  /nix/store/fp7jcyxrjwzl706y6r6xrlm44ada594j-p11-kit-0.25.10/lib/libp11-kit.so.0.4.5
77ca57b5b000-77ca57b68000 rw-p 001ac000 103:01 22981226                  /nix/store/fp7jcyxrjwzl706y6r6xrlm44ada594j-p11-kit-0.25.10/lib/libp11-kit.so.0.4.5
77ca57b68000-77ca57b69000 rw-p 00000000 00:00 0 
77ca57b69000-77ca57b78000 r--p 00000000 103:01 25449497                  /nix/store/17lkr5hkl8c8zsy8xdr6va3n1m6v8bhn-dbus-1.14.10-lib/lib/libdbus-1.so.3.32.4
77ca57b78000-77ca57bac000 r-xp 0000f000 103:01 25449497                  /nix/store/17lkr5hkl8c8zsy8xdr6va3n1m6v8bhn-dbus-1.14.10-lib/lib/libdbus-1.so.3.32.4
77ca57bac000-77ca57bbf000 r--p 00043000 103:01 25449497                  /nix/store/17lkr5hkl8c8zsy8xdr6va3n1m6v8bhn-dbus-1.14.10-lib/lib/libdbus-1.so.3.32.4
77ca57bbf000-77ca57bc1000 r--p 00055000 103:01 25449497                  /nix/store/17lkr5hkl8c8zsy8xdr6va3n1m6v8bhn-dbus-1.14.10-lib/lib/libdbus-1.so.3.32.4
77ca57bc1000-77ca57bc2000 rw-p 00057000 103:01 25449497                  /nix/store/17lkr5hkl8c8zsy8xdr6va3n1m6v8bhn-dbus-1.14.10-lib/lib/libdbus-1.so.3.32.4
77ca57bc2000-77ca57bc3000 r--p 00000000 103:01 21262691                  /nix/store/6w74jip0787k1yhs2rcwwh5i11fhpbbc-brotli-1.1.0-lib/lib/libbrotlicommon.so.1.1.0
77ca57bc3000-77ca57bc4000 r-xp 00001000 103:01 21262691                  /nix/store/6w74jip0787k1yhs2rcwwh5i11fhpbbc-brotli-1.1.0-lib/lib/libbrotlicommon.so.1.1.0
77ca57bc4000-77ca57be3000 r--p 00002000 103:01 21262691                  /nix/store/6w74jip0787k1yhs2rcwwh5i11fhpbbc-brotli-1.1.0-lib/lib/libbrotlicommon.so.1.1.0
77ca57be3000-77ca57be4000 r--p 00021000 103:01 21262691                  /nix/store/6w74jip0787k1yhs2rcwwh5i11fhpbbc-brotli-1.1.0-lib/lib/libbrotlicommon.so.1.1.0
77ca57be4000-77ca57be5000 rw-p 00022000 103:01 21262691                  /nix/store/6w74jip0787k1yhs2rcwwh5i11fhpbbc-brotli-1.1.0-lib/lib/libbrotlicommon.so.1.1.0
77ca57be5000-77ca57bed000 r--p 00000000 103:01 21371686                  /nix/store/6lfcbqqrjh704q81jyfj2jkm5f25j345-libselinux-3.8.1/lib/libselinux.so.1
77ca57bed000-77ca57c0f000 r-xp 00008000 103:01 21371686                  /nix/store/6lfcbqqrjh704q81jyfj2jkm5f25j345-libselinux-3.8.1/lib/libselinux.so.1
77ca57c0f000-77ca57c17000 r--p 0002a000 103:01 21371686                  /nix/store/6lfcbqqrjh704q81jyfj2jkm5f25j345-libselinux-3.8.1/lib/libselinux.so.1
77ca57c17000-77ca57c18000 r--p 00031000 103:01 21371686                  /nix/store/6lfcbqqrjh704q81jyfj2jkm5f25j345-libselinux-3.8.1/lib/libselinux.so.1
77ca57c18000-77ca57c19000 rw-p 00032000 103:01 21371686                  /nix/store/6lfcbqqrjh704q81jyfj2jkm5f25j345-libselinux-3.8.1/lib/libselinux.so.1
77ca57c19000-77ca57c1b000 rw-p 00000000 00:00 0 
77ca57c1b000-77ca57c29000 r--p 00000000 103:01 21374535                  /nix/store/c1g2l2ki0rgf30amwkd2jag992qkv8qm-util-linux-minimal-2.41.4-lib/lib/libmount.so.1.1.0
77ca57c29000-77ca57c7d000 r-xp 0000e000 103:01 21374535                  /nix/store/c1g2l2ki0rgf30amwkd2jag992qkv8qm-util-linux-minimal-2.41.4-lib/lib/libmount.so.1.1.0
77ca57c7d000-77ca57c93000 r--p 00062000 103:01 21374535                  /nix/store/c1g2l2ki0rgf30amwkd2jag992qkv8qm-util-linux-minimal-2.41.4-lib/lib/libmount.so.1.1.0
77ca57c93000-77ca57c96000 r--p 00077000 103:01 21374535                  /nix/store/c1g2l2ki0rgf30amwkd2jag992qkv8qm-util-linux-minimal-2.41.4-lib/lib/libmount.so.1.1.0
77ca57c96000-77ca57c97000 rw-p 0007a000 103:01 21374535                  /nix/store/c1g2l2ki0rgf30amwkd2jag992qkv8qm-util-linux-minimal-2.41.4-lib/lib/libmount.so.1.1.0
77ca57c97000-77ca57cb2000 r--p 00000000 103:01 22441567                  /nix/store/dlylkwzra63rrczmp1j2di4sxfxv2a4m-tinysparql-3.10.1/lib/libtinysparql-3.0.so.0.1001.0
77ca57cb2000-77ca57d28000 r-xp 0001b000 103:01 22441567                  /nix/store/dlylkwzra63rrczmp1j2di4sxfxv2a4m-tinysparql-3.10.1/lib/libtinysparql-3.0.so.0.1001.0
77ca57d28000-77ca57d60000 r--p 00091000 103:01 22441567                  /nix/store/dlylkwzra63rrczmp1j2di4sxfxv2a4m-tinysparql-3.10.1/lib/libtinysparql-3.0.so.0.1001.0
77ca57d60000-77ca57d6e000 r--p 000c8000 103:01 22441567                  /nix/store/dlylkwzra63rrczmp1j2di4sxfxv2a4m-tinysparql-3.10.1/lib/libtinysparql-3.0.so.0.1001.0
77ca57d6e000-77ca57d6f000 rw-p 000d6000 103:01 22441567                  /nix/store/dlylkwzra63rrczmp1j2di4sxfxv2a4m-tinysparql-3.10.1/lib/libtinysparql-3.0.so.0.1001.0
77ca57d6f000-77ca57d7d000 r--p 00000000 103:01 25449536                  /nix/store/f12ck4ksrxmx8fd1f4sf15v9rmc6lzbx-at-spi2-core-2.58.2/lib/libatk-bridge-2.0.so.0.0.0
77ca57d7d000-77ca57d97000 r-xp 0000e000 103:01 25449536                  /nix/store/f12ck4ksrxmx8fd1f4sf15v9rmc6lzbx-at-spi2-core-2.58.2/lib/libatk-bridge-2.0.so.0.0.0
77ca57d97000-77ca57dab000 r--p 00028000 103:01 25449536                  /nix/store/f12ck4ksrxmx8fd1f4sf15v9rmc6lzbx-at-spi2-core-2.58.2/lib/libatk-bridge-2.0.so.0.0.0
77ca57dab000-77ca57dad000 r--p 0003b000 103:01 25449536                  /nix/store/f12ck4ksrxmx8fd1f4sf15v9rmc6lzbx-at-spi2-core-2.58.2/lib/libatk-bridge-2.0.so.0.0.0
77ca57dad000-77ca57daf000 rw-p 0003d000 103:01 25449536                  /nix/store/f12ck4ksrxmx8fd1f4sf15v9rmc6lzbx-at-spi2-core-2.58.2/lib/libatk-bridge-2.0.so.0.0.0
77ca57daf000-77ca57e14000 r--p 00000000 103:01 25449430                  /nix/store/7p7mzdnfhq4x9vkcw1xsyrx6ja36fh1w-libepoxy-1.5.10/lib/libepoxy.so.0.0.0
77ca57e14000-77ca57e78000 r-xp 00065000 103:01 25449430                  /nix/store/7p7mzdnfhq4x9vkcw1xsyrx6ja36fh1w-libepoxy-1.5.10/lib/libepoxy.so.0.0.0
77ca57e78000-77ca57ec6000 r--p 000c9000 103:01 25449430                  /nix/store/7p7mzdnfhq4x9vkcw1xsyrx6ja36fh1w-libepoxy-1.5.10/lib/libepoxy.so.0.0.0
77ca57ec6000-77ca57ece000 r--p 00116000 103:01 25449430                  /nix/store/7p7mzdnfhq4x9vkcw1xsyrx6ja36fh1w-libepoxy-1.5.10/lib/libepoxy.so.0.0.0
77ca57ece000-77ca57ed5000 rw-p 0011e000 103:01 25449430                  /nix/store/7p7mzdnfhq4x9vkcw1xsyrx6ja36fh1w-libepoxy-1.5.10/lib/libepoxy.so.0.0.0
77ca57ed5000-77ca57eea000 r--p 00000000 103:01 24667864                  /nix/store/gvngd6zk6mg6c041k6320d9585ks2gj2-cairo-1.18.4/lib/libcairo.so.2.11804.4
77ca57eea000-77ca57fe3000 r-xp 00015000 103:01 24667864                  /nix/store/gvngd6zk6mg6c041k6320d9585ks2gj2-cairo-1.18.4/lib/libcairo.so.2.11804.4
77ca57fe3000-77ca5801b000 r--p 0010e000 103:01 24667864                  /nix/store/gvngd6zk6mg6c041k6320d9585ks2gj2-cairo-1.18.4/lib/libcairo.so.2.11804.4
77ca5801b000-77ca5801f000 r--p 00146000 103:01 24667864                  /nix/store/gvngd6zk6mg6c041k6320d9585ks2gj2-cairo-1.18.4/lib/libcairo.so.2.11804.4
77ca5801f000-77ca58021000 rw-p 0014a000 103:01 24667864                  /nix/store/gvngd6zk6mg6c041k6320d9585ks2gj2-cairo-1.18.4/lib/libcairo.so.2.11804.4
77ca58021000-77ca58022000 rw-p 00000000 00:00 0 
77ca58022000-77ca58030000 r--p 00000000 103:01 25448681                  /nix/store/pw1zlasp639mdllzrxl78ranc5fi0sxn-harfbuzz-12.1.0/lib/libharfbuzz.so.0.61210.0
77ca58030000-77ca5814b000 r-xp 0000e000 103:01 25448681                  /nix/store/pw1zlasp639mdllzrxl78ranc5fi0sxn-harfbuzz-12.1.0/lib/libharfbuzz.so.0.61210.0
77ca5814b000-77ca58187000 r--p 00129000 103:01 25448681                  /nix/store/pw1zlasp639mdllzrxl78ranc5fi0sxn-harfbuzz-12.1.0/lib/libharfbuzz.so.0.61210.0
77ca58187000-77ca58189000 r--p 00164000 103:01 25448681                  /nix/store/pw1zlasp639mdllzrxl78ranc5fi0sxn-harfbuzz-12.1.0/lib/libharfbuzz.so.0.61210.0
77ca58189000-77ca5818a000 rw-p 00166000 103:01 25448681                  /nix/store/pw1zlasp639mdllzrxl78ranc5fi0sxn-harfbuzz-12.1.0/lib/libharfbuzz.so.0.61210.0
77ca5818a000-77ca581ad000 r--p 00000000 103:01 24535877                  /nix/store/dkc0qzar8f5yp3yzxv2wg448rf04b101-glib-2.86.3/lib/libglib-2.0.so.0.8600.3
77ca581ad000-77ca58257000 r-xp 00023000 103:01 24535877                  /nix/store/dkc0qzar8f5yp3yzxv2wg448rf04b101-glib-2.86.3/lib/libglib-2.0.so.0.8600.3
77ca58257000-77ca582e8000 r--p 000cd000 103:01 24535877                  /nix/store/dkc0qzar8f5yp3yzxv2wg448rf04b101-glib-2.86.3/lib/libglib-2.0.so.0.8600.3
77ca582e8000-77ca582e9000 r--p 0015e000 103:01 24535877                  /nix/store/dkc0qzar8f5yp3yzxv2wg448rf04b101-glib-2.86.3/lib/libglib-2.0.so.0.8600.3
77ca582e9000-77ca582ea000 rw-p 0015f000 103:01 24535877                  /nix/store/dkc0qzar8f5yp3yzxv2wg448rf04b101-glib-2.86.3/lib/libglib-2.0.so.0.8600.3
77ca582ea000-77ca582eb000 rw-p 00000000 00:00 0 
77ca582eb000-77ca5831d000 r--p 00000000 103:01 25452125                  /nix/store/r2lxnnf254mmdrk3knn2yg7p1wh7f4yw-gtk+3-3.24.51/lib/libgdk-3.so.0.2419.32
77ca5831d000-77ca583ab000 r-xp 00032000 103:01 25452125                  /nix/store/r2lxnnf254mmdrk3knn2yg7p1wh7f4yw-gtk+3-3.24.51/lib/libgdk-3.so.0.2419.32
77ca583ab000-77ca583f3000 r--p 000c0000 103:01 25452125                  /nix/store/r2lxnnf254mmdrk3knn2yg7p1wh7f4yw-gtk+3-3.24.51/lib/libgdk-3.so.0.2419.32
77ca583f3000-77ca583fd000 r--p 00108000 103:01 25452125                  /nix/store/r2lxnnf254mmdrk3knn2yg7p1wh7f4yw-gtk+3-3.24.51/lib/libgdk-3.so.0.2419.32
77ca583fd000-77ca583ff000 rw-p 00112000 103:01 25452125                  /nix/store/r2lxnnf254mmdrk3knn2yg7p1wh7f4yw-gtk+3-3.24.51/lib/libgdk-3.so.0.2419.32
77ca583ff000-77ca58400000 rw-p 00000000 00:00 0 
77ca58400000-77ca5843d000 r--p 00000000 103:01 22441476                  /nix/store/y0x8m5f2alf95f4v5283xyyi638gs5np-gnutls-3.8.13/lib/libgnutls.so.30.42.0
77ca5843d000-77ca58599000 r-xp 0003d000 103:01 22441476                  /nix/store/y0x8m5f2alf95f4v5283xyyi638gs5np-gnutls-3.8.13/lib/libgnutls.so.30.42.0
77ca58599000-77ca58641000 r--p 00199000 103:01 22441476                  /nix/store/y0x8m5f2alf95f4v5283xyyi638gs5np-gnutls-3.8.13/lib/libgnutls.so.30.42.0
77ca58641000-77ca58653000 r--p 00241000 103:01 22441476                  /nix/store/y0x8m5f2alf95f4v5283xyyi638gs5np-gnutls-3.8.13/lib/libgnutls.so.30.42.0
77ca58653000-77ca58656000 rw-p 00253000 103:01 22441476                  /nix/store/y0x8m5f2alf95f4v5283xyyi638gs5np-gnutls-3.8.13/lib/libgnutls.so.30.42.0
77ca58656000-77ca5865c000 rw-p 00000000 00:00 0 
77ca5865c000-77ca5865e000 r--p 00000000 103:01 25439912                  /nix/store/rqzf2jd3cc5ngavxmmczjbz3bnsd3x4b-wayland-1.24.0/lib/libwayland-cursor.so.0.24.0
77ca5865e000-77ca58660000 r-xp 00002000 103:01 25439912                  /nix/store/rqzf2jd3cc5ngavxmmczjbz3bnsd3x4b-wayland-1.24.0/lib/libwayland-cursor.so.0.24.0
77ca58660000-77ca58661000 r--p 00004000 103:01 25439912                  /nix/store/rqzf2jd3cc5ngavxmmczjbz3bnsd3x4b-wayland-1.24.0/lib/libwayland-cursor.so.0.24.0
77ca58661000-77ca58662000 r--p 00004000 103:01 25439912                  /nix/store/rqzf2jd3cc5ngavxmmczjbz3bnsd3x4b-wayland-1.24.0/lib/libwayland-cursor.so.0.24.0
77ca58662000-77ca58666000 rw-p 00005000 103:01 25439912                  /nix/store/rqzf2jd3cc5ngavxmmczjbz3bnsd3x4b-wayland-1.24.0/lib/libwayland-cursor.so.0.24.0
77ca58666000-77ca5866c000 rw-p 00000000 00:00 0 
77ca5866c000-77ca5866e000 r--p 00000000 103:01 20097464                  /nix/store/ckh9q09zkdmnrmxbfcjii8jwwjxa5yw3-libxfixes-6.0.2/lib/libXfixes.so.3.1.0
77ca5866e000-77ca58671000 r-xp 00002000 103:01 20097464                  /nix/store/ckh9q09zkdmnrmxbfcjii8jwwjxa5yw3-libxfixes-6.0.2/lib/libXfixes.so.3.1.0
77ca58671000-77ca58672000 r--p 00005000 103:01 20097464                  /nix/store/ckh9q09zkdmnrmxbfcjii8jwwjxa5yw3-libxfixes-6.0.2/lib/libXfixes.so.3.1.0
77ca58672000-77ca58673000 r--p 00005000 103:01 20097464                  /nix/store/ckh9q09zkdmnrmxbfcjii8jwwjxa5yw3-libxfixes-6.0.2/lib/libXfixes.so.3.1.0
77ca58673000-77ca58674000 rw-p 00006000 103:01 20097464                  /nix/store/ckh9q09zkdmnrmxbfcjii8jwwjxa5yw3-libxfixes-6.0.2/lib/libXfixes.so.3.1.0
77ca58674000-77ca58677000 r--p 00000000 103:01 25449189                  /nix/store/vjnp4q6s5m4lv7h7pi4yz1q91nn0h7ip-libxi-1.8.2/lib/libXi.so.6.1.0
77ca58677000-77ca58684000 r-xp 00003000 103:01 25449189                  /nix/store/vjnp4q6s5m4lv7h7pi4yz1q91nn0h7ip-libxi-1.8.2/lib/libXi.so.6.1.0
77ca58684000-77ca58686000 r--p 00010000 103:01 25449189                  /nix/store/vjnp4q6s5m4lv7h7pi4yz1q91nn0h7ip-libxi-1.8.2/lib/libXi.so.6.1.0
77ca58686000-77ca58687000 r--p 00012000 103:01 25449189                  /nix/store/vjnp4q6s5m4lv7h7pi4yz1q91nn0h7ip-libxi-1.8.2/lib/libXi.so.6.1.0
77ca58687000-77ca58688000 rw-p 00013000 103:01 25449189                  /nix/store/vjnp4q6s5m4lv7h7pi4yz1q91nn0h7ip-libxi-1.8.2/lib/libXi.so.6.1.0
77ca58688000-77ca58693000 r--p 00000000 103:01 25449528                  /nix/store/f12ck4ksrxmx8fd1f4sf15v9rmc6lzbx-at-spi2-core-2.58.2/lib/libatk-1.0.so.0.25811.1
77ca58693000-77ca586a3000 r-xp 0000b000 103:01 25449528                  /nix/store/f12ck4ksrxmx8fd1f4sf15v9rmc6lzbx-at-spi2-core-2.58.2/lib/libatk-1.0.so.0.25811.1
77ca586a3000-77ca586ae000 r--p 0001b000 103:01 25449528                  /nix/store/f12ck4ksrxmx8fd1f4sf15v9rmc6lzbx-at-spi2-core-2.58.2/lib/libatk-1.0.so.0.25811.1
77ca586ae000-77ca586b1000 r--p 00026000 103:01 25449528                  /nix/store/f12ck4ksrxmx8fd1f4sf15v9rmc6lzbx-at-spi2-core-2.58.2/lib/libatk-1.0.so.0.25811.1
77ca586b1000-77ca586b2000 rw-p 00029000 103:01 25449528                  /nix/store/f12ck4ksrxmx8fd1f4sf15v9rmc6lzbx-at-spi2-core-2.58.2/lib/libatk-1.0.so.0.25811.1
77ca586b2000-77ca586d0000 r--p 00000000 103:01 24007579                  /nix/store/r398kwsyxnw58gcwy2h1g6d430hmlmxq-libx11-1.8.12/lib/libX11.so.6.4.0
77ca586d0000-77ca5876a000 r-xp 0001e000 103:01 24007579                  /nix/store/r398kwsyxnw58gcwy2h1g6d430hmlmxq-libx11-1.8.12/lib/libX11.so.6.4.0
77ca5876a000-77ca587f9000 r--p 000b8000 103:01 24007579                  /nix/store/r398kwsyxnw58gcwy2h1g6d430hmlmxq-libx11-1.8.12/lib/libX11.so.6.4.0
77ca587f9000-77ca587fc000 r--p 00146000 103:01 24007579                  /nix/store/r398kwsyxnw58gcwy2h1g6d430hmlmxq-libx11-1.8.12/lib/libX11.so.6.4.0
77ca587fc000-77ca58800000 rw-p 00149000 103:01 24007579                  /nix/store/r398kwsyxnw58gcwy2h1g6d430hmlmxq-libx11-1.8.12/lib/libX11.so.6.4.0
77ca58800000-77ca58828000 r--p 00000000 103:01 20730113                  /nix/store/7nbi22pcc92y2fqbkyp7h3srvvklmckb-glibc-2.40-224/lib/libc.so.6
77ca58828000-77ca589a6000 r-xp 00028000 103:01 20730113                  /nix/store/7nbi22pcc92y2fqbkyp7h3srvvklmckb-glibc-2.40-224/lib/libc.so.6
77ca589a6000-77ca589f5000 r--p 001a6000 103:01 20730113                  /nix/store/7nbi22pcc92y2fqbkyp7h3srvvklmckb-glibc-2.40-224/lib/libc.so.6
77ca589f5000-77ca589f9000 r--p 001f4000 103:01 20730113                  /nix/store/7nbi22pcc92y2fqbkyp7h3srvvklmckb-glibc-2.40-224/lib/libc.so.6
77ca589f9000-77ca589fb000 rw-p 001f8000 103:01 20730113                  /nix/store/7nbi22pcc92y2fqbkyp7h3srvvklmckb-glibc-2.40-224/lib/libc.so.6
77ca589fb000-77ca58a08000 rw-p 00000000 00:00 0 
77ca58a08000-77ca58a09000 r--p 00000000 103:01 21263828                  /nix/store/ybp235ps7m4yd85v0pgvqkhd4xmxf6jq-gcc-14.3.0-lib/lib/libssp.so.0.0.0
77ca58a09000-77ca58a0a000 r-xp 00001000 103:01 21263828                  /nix/store/ybp235ps7m4yd85v0pgvqkhd4xmxf6jq-gcc-14.3.0-lib/lib/libssp.so.0.0.0
77ca58a0a000-77ca58a0b000 r--p 00002000 103:01 21263828                  /nix/store/ybp235ps7m4yd85v0pgvqkhd4xmxf6jq-gcc-14.3.0-lib/lib/libssp.so.0.0.0
77ca58a0b000-77ca58a0c000 r--p 00002000 103:01 21263828                  /nix/store/ybp235ps7m4yd85v0pgvqkhd4xmxf6jq-gcc-14.3.0-lib/lib/libssp.so.0.0.0
77ca58a0c000-77ca58a0d000 rw-p 00003000 103:01 21263828                  /nix/store/ybp235ps7m4yd85v0pgvqkhd4xmxf6jq-gcc-14.3.0-lib/lib/libssp.so.0.0.0
77ca58a0d000-77ca58a11000 rw-p 00000000 00:00 0 
77ca58a11000-77ca58a19000 r--p 00000000 103:01 25447632                  /nix/store/kkdvscpklabdg6p6ml6p3wcp66znipw1-gdk-pixbuf-2.44.6/lib/libgdk_pixbuf-2.0.so.0.4400.6
77ca58a19000-77ca58a34000 r-xp 00008000 103:01 25447632                  /nix/store/kkdvscpklabdg6p6ml6p3wcp66znipw1-gdk-pixbuf-2.44.6/lib/libgdk_pixbuf-2.0.so.0.4400.6
77ca58a34000-77ca58a3d000 r--p 00023000 103:01 25447632                  /nix/store/kkdvscpklabdg6p6ml6p3wcp66znipw1-gdk-pixbuf-2.44.6/lib/libgdk_pixbuf-2.0.so.0.4400.6
77ca58a3d000-77ca58a3e000 r--p 0002c000 103:01 25447632                  /nix/store/kkdvscpklabdg6p6ml6p3wcp66znipw1-gdk-pixbuf-2.44.6/lib/libgdk_pixbuf-2.0.so.0.4400.6
77ca58a3e000-77ca58a3f000 rw-p 0002d000 103:01 25447632                  /nix/store/kkdvscpklabdg6p6ml6p3wcp66znipw1-gdk-pixbuf-2.44.6/lib/libgdk_pixbuf-2.0.so.0.4400.6
77ca58a3f000-77ca58a53000 r--p 00000000 103:01 20097486                  /nix/store/wh9gzg2k3j5m49yyi8gny576vxlp0qnc-pango-1.57.0/lib/libpango-1.0.so.0.5700.0
77ca58a53000-77ca58a93000 r-xp 00014000 103:01 20097486                  /nix/store/wh9gzg2k3j5m49yyi8gny576vxlp0qnc-pango-1.57.0/lib/libpango-1.0.so.0.5700.0
77ca58a93000-77ca58aae000 r--p 00054000 103:01 20097486                  /nix/store/wh9gzg2k3j5m49yyi8gny576vxlp0qnc-pango-1.57.0/lib/libpango-1.0.so.0.5700.0
77ca58aae000-77ca58ab2000 r--p 0006e000 103:01 20097486                  /nix/store/wh9gzg2k3j5m49yyi8gny576vxlp0qnc-pango-1.57.0/lib/libpango-1.0.so.0.5700.0
77ca58ab2000-77ca58ab3000 rw-p 00072000 103:01 20097486                  /nix/store/wh9gzg2k3j5m49yyi8gny576vxlp0qnc-pango-1.57.0/lib/libpango-1.0.so.0.5700.0
77ca58ab3000-77ca58ac3000 r--p 00000000 103:01 24535889                  /nix/store/dkc0qzar8f5yp3yzxv2wg448rf04b101-glib-2.86.3/lib/libgobject-2.0.so.0.8600.3
77ca58ac3000-77ca58afb000 r-xp 00010000 103:01 24535889                  /nix/store/dkc0qzar8f5yp3yzxv2wg448rf04b101-glib-2.86.3/lib/libgobject-2.0.so.0.8600.3
77ca58afb000-77ca58b14000 r--p 00048000 103:01 24535889                  /nix/store/dkc0qzar8f5yp3yzxv2wg448rf04b101-glib-2.86.3/lib/libgobject-2.0.so.0.8600.3
77ca58b14000-77ca58b17000 r--p 00060000 103:01 24535889                  /nix/store/dkc0qzar8f5yp3yzxv2wg448rf04b101-glib-2.86.3/lib/libgobject-2.0.so.0.8600.3
77ca58b17000-77ca58b18000 rw-p 00063000 103:01 24535889                  /nix/store/dkc0qzar8f5yp3yzxv2wg448rf04b101-glib-2.86.3/lib/libgobject-2.0.so.0.8600.3
77ca58b18000-77ca58b28000 r--p 00000000 103:01 20730120                  /nix/store/7nbi22pcc92y2fqbkyp7h3srvvklmckb-glibc-2.40-224/lib/libm.so.6
77ca58b28000-77ca58ba4000 r-xp 00010000 103:01 20730120                  /nix/store/7nbi22pcc92y2fqbkyp7h3srvvklmckb-glibc-2.40-224/lib/libm.so.6
77ca58ba4000-77ca58bfe000 r--p 0008c000 103:01 20730120                  /nix/store/7nbi22pcc92y2fqbkyp7h3srvvklmckb-glibc-2.40-224/lib/libm.so.6
77ca58bfe000-77ca58bff000 r--p 000e5000 103:01 20730120                  /nix/store/7nbi22pcc92y2fqbkyp7h3srvvklmckb-glibc-2.40-224/lib/libm.so.6
77ca58bff000-77ca58c00000 rw-p 000e6000 103:01 20730120                  /nix/store/7nbi22pcc92y2fqbkyp7h3srvvklmckb-glibc-2.40-224/lib/libm.so.6
77ca58c00000-77ca58c44000 r--p 00000000 103:01 24535867                  /nix/store/dkc0qzar8f5yp3yzxv2wg448rf04b101-glib-2.86.3/lib/libgio-2.0.so.0.8600.3
77ca58c44000-77ca58d77000 r-xp 00044000 103:01 24535867                  /nix/store/dkc0qzar8f5yp3yzxv2wg448rf04b101-glib-2.86.3/lib/libgio-2.0.so.0.8600.3
77ca58d77000-77ca58df7000 r--p 00177000 103:01 24535867                  /nix/store/dkc0qzar8f5yp3yzxv2wg448rf04b101-glib-2.86.3/lib/libgio-2.0.so.0.8600.3
77ca58df7000-77ca58e01000 r--p 001f6000 103:01 24535867                  /nix/store/dkc0qzar8f5yp3yzxv2wg448rf04b101-glib-2.86.3/lib/libgio-2.0.so.0.8600.3
77ca58e01000-77ca58e02000 rw-p 00200000 103:01 24535867                  /nix/store/dkc0qzar8f5yp3yzxv2wg448rf04b101-glib-2.86.3/lib/libgio-2.0.so.0.8600.3
77ca58e02000-77ca58e04000 rw-p 00000000 00:00 0 
77ca58e04000-77ca58e08000 r--p 00000000 103:01 24667858                  /nix/store/gvngd6zk6mg6c041k6320d9585ks2gj2-cairo-1.18.4/lib/libcairo-gobject.so.2.11804.4
77ca58e08000-77ca58e0a000 r-xp 00004000 103:01 24667858                  /nix/store/gvngd6zk6mg6c041k6320d9585ks2gj2-cairo-1.18.4/lib/libcairo-gobject.so.2.11804.4
77ca58e0a000-77ca58e0c000 r--p 00006000 103:01 24667858                  /nix/store/gvngd6zk6mg6c041k6320d9585ks2gj2-cairo-1.18.4/lib/libcairo-gobject.so.2.11804.4
77ca58e0c000-77ca58e0e000 r--p 00008000 103:01 24667858                  /nix/store/gvngd6zk6mg6c041k6320d9585ks2gj2-cairo-1.18.4/lib/libcairo-gobject.so.2.11804.4
77ca58e0e000-77ca58e0f000 rw-p 0000a000 103:01 24667858                  /nix/store/gvngd6zk6mg6c041k6320d9585ks2gj2-cairo-1.18.4/lib/libcairo-gobject.so.2.11804.4
77ca58e0f000-77ca58e11000 r--p 00000000 103:01 21263428                  /nix/store/gvc59c2hww9n7jxwci6rhmbr2zwpprvv-fribidi-1.0.16/lib/libfribidi.so.0.4.0
77ca58e11000-77ca58e17000 r-xp 00002000 103:01 21263428                  /nix/store/gvc59c2hww9n7jxwci6rhmbr2zwpprvv-fribidi-1.0.16/lib/libfribidi.so.0.4.0
77ca58e17000-77ca58e2e000 r--p 00008000 103:01 21263428                  /nix/store/gvc59c2hww9n7jxwci6rhmbr2zwpprvv-fribidi-1.0.16/lib/libfribidi.so.0.4.0
77ca58e2e000-77ca58e2f000 r--p 0001e000 103:01 21263428                  /nix/store/gvc59c2hww9n7jxwci6rhmbr2zwpprvv-fribidi-1.0.16/lib/libfribidi.so.0.4.0
77ca58e2f000-77ca58e30000 rw-p 0001f000 103:01 21263428                  /nix/store/gvc59c2hww9n7jxwci6rhmbr2zwpprvv-fribidi-1.0.16/lib/libfribidi.so.0.4.0
77ca58e30000-77ca58e32000 rw-p 00000000 00:00 0 
77ca58e32000-77ca58e3b000 r--p 00000000 103:01 20097492                  /nix/store/wh9gzg2k3j5m49yyi8gny576vxlp0qnc-pango-1.57.0/lib/libpangoft2-1.0.so.0.5700.0
77ca58e3b000-77ca58e48000 r-xp 00009000 103:01 20097492                  /nix/store/wh9gzg2k3j5m49yyi8gny576vxlp0qnc-pango-1.57.0/lib/libpangoft2-1.0.so.0.5700.0
77ca58e48000-77ca58e4c000 r--p 00016000 103:01 20097492                  /nix/store/wh9gzg2k3j5m49yyi8gny576vxlp0qnc-pango-1.57.0/lib/libpangoft2-1.0.so.0.5700.0
77ca58e4c000-77ca58e4d000 r--p 0001a000 103:01 20097492                  /nix/store/wh9gzg2k3j5m49yyi8gny576vxlp0qnc-pango-1.57.0/lib/libpangoft2-1.0.so.0.5700.0
77ca58e4d000-77ca58e4e000 rw-p 0001b000 103:01 20097492                  /nix/store/wh9gzg2k3j5m49yyi8gny576vxlp0qnc-pango-1.57.0/lib/libpangoft2-1.0.so.0.5700.0
77ca58e4e000-77ca58e54000 r--p 00000000 103:01 20097489                  /nix/store/wh9gzg2k3j5m49yyi8gny576vxlp0qnc-pango-1.57.0/lib/libpangocairo-1.0.so.0.5700.0
77ca58e54000-77ca58e5b000 r-xp 00006000 103:01 20097489                  /nix/store/wh9gzg2k3j5m49yyi8gny576vxlp0qnc-pango-1.57.0/lib/libpangocairo-1.0.so.0.5700.0
77ca58e5b000-77ca58e5d000 r--p 0000d000 103:01 20097489                  /nix/store/wh9gzg2k3j5m49yyi8gny576vxlp0qnc-pango-1.57.0/lib/libpangocairo-1.0.so.0.5700.0
77ca58e5d000-77ca58e5e000 r--p 0000f000 103:01 20097489                  /nix/store/wh9gzg2k3j5m49yyi8gny576vxlp0qnc-pango-1.57.0/lib/libpangocairo-1.0.so.0.5700.0
77ca58e5e000-77ca58e5f000 rw-p 00010000 103:01 20097489                  /nix/store/wh9gzg2k3j5m49yyi8gny576vxlp0qnc-pango-1.57.0/lib/libpangocairo-1.0.so.0.5700.0
77ca58e5f000-77ca58e61000 rw-p 00000000 00:00 0 
77ca58e61000-77ca58e63000 r--p 00000000 103:01 24535886                  /nix/store/dkc0qzar8f5yp3yzxv2wg448rf04b101-glib-2.86.3/lib/libgmodule-2.0.so.0.8600.3
77ca58e63000-77ca58e65000 r-xp 00002000 103:01 24535886                  /nix/store/dkc0qzar8f5yp3yzxv2wg448rf04b101-glib-2.86.3/lib/libgmodule-2.0.so.0.8600.3
77ca58e65000-77ca58e66000 r--p 00004000 103:01 24535886                  /nix/store/dkc0qzar8f5yp3yzxv2wg448rf04b101-glib-2.86.3/lib/libgmodule-2.0.so.0.8600.3
77ca58e66000-77ca58e67000 r--p 00004000 103:01 24535886                  /nix/store/dkc0qzar8f5yp3yzxv2wg448rf04b101-glib-2.86.3/lib/libgmodule-2.0.so.0.8600.3
77ca58e67000-77ca58e68000 rw-p 00005000 103:01 24535886                  /nix/store/dkc0qzar8f5yp3yzxv2wg448rf04b101-glib-2.86.3/lib/libgmodule-2.0.so.0.8600.3
77ca58e68000-77ca58e6a000 rw-p 00000000 00:00 0 
77ca58e6a000-77ca58e6c000 r--p 00000000 103:01 25447255                  /nix/store/mrnmvspnpk1gyg2c74qnnzkjlkyn96jg-libxrender-0.9.12/lib/libXrender.so.1.3.0
77ca58e6c000-77ca58e73000 r-xp 00002000 103:01 25447255                  /nix/store/mrnmvspnpk1gyg2c74qnnzkjlkyn96jg-libxrender-0.9.12/lib/libXrender.so.1.3.0
77ca58e73000-77ca58e74000 r--p 00009000 103:01 25447255                  /nix/store/mrnmvspnpk1gyg2c74qnnzkjlkyn96jg-libxrender-0.9.12/lib/libXrender.so.1.3.0
77ca58e74000-77ca58e75000 r--p 0000a000 103:01 25447255                  /nix/store/mrnmvspnpk1gyg2c74qnnzkjlkyn96jg-libxrender-0.9.12/lib/libXrender.so.1.3.0
77ca58e75000-77ca58e76000 rw-p 0000b000 103:01 25447255                  /nix/store/mrnmvspnpk1gyg2c74qnnzkjlkyn96jg-libxrender-0.9.12/lib/libXrender.so.1.3.0
77ca58e76000-77ca58e7a000 r--p 00000000 103:01 25447323                  /nix/store/kff3kslsksrn92j17pr4gh9l87xzszxw-libxext-1.3.6/lib/libXext.so.6.4.0
77ca58e7a000-77ca58e86000 r-xp 00004000 103:01 25447323                  /nix/store/kff3kslsksrn92j17pr4gh9l87xzszxw-libxext-1.3.6/lib/libXext.so.6.4.0
77ca58e86000-77ca58e89000 r--p 00010000 103:01 25447323                  /nix/store/kff3kslsksrn92j17pr4gh9l87xzszxw-libxext-1.3.6/lib/libXext.so.6.4.0
77ca58e89000-77ca58e8a000 r--p 00012000 103:01 25447323                  /nix/store/kff3kslsksrn92j17pr4gh9l87xzszxw-libxext-1.3.6/lib/libXext.so.6.4.0
77ca58e8a000-77ca58e8b000 rw-p 00013000 103:01 25447323                  /nix/store/kff3kslsksrn92j17pr4gh9l87xzszxw-libxext-1.3.6/lib/libXext.so.6.4.0
77ca58e8b000-77ca58e8d000 rw-p 00000000 00:00 0 
77ca58e8d000-77ca58e91000 r--p 00000000 103:01 25449554                  /nix/store/72f1rj6i8grngbnc98kgr7wmr6qd78rc-avahi-0.8/lib/libavahi-client.so.3.2.9
77ca58e91000-77ca58e9b000 r-xp 00004000 103:01 25449554                  /nix/store/72f1rj6i8grngbnc98kgr7wmr6qd78rc-avahi-0.8/lib/libavahi-client.so.3.2.9
77ca58e9b000-77ca58e9f000 r--p 0000e000 103:01 25449554                  /nix/store/72f1rj6i8grngbnc98kgr7wmr6qd78rc-avahi-0.8/lib/libavahi-client.so.3.2.9
77ca58e9f000-77ca58ea0000 r--p 00011000 103:01 25449554                  /nix/store/72f1rj6i8grngbnc98kgr7wmr6qd78rc-avahi-0.8/lib/libavahi-client.so.3.2.9
77ca58ea0000-77ca58ea1000 rw-p 00012000 103:01 25449554                  /nix/store/72f1rj6i8grngbnc98kgr7wmr6qd78rc-avahi-0.8/lib/libavahi-client.so.3.2.9
77ca58ea1000-77ca58ea5000 r--p 00000000 103:01 25449558                  /nix/store/72f1rj6i8grngbnc98kgr7wmr6qd78rc-avahi-0.8/lib/libavahi-common.so.3.5.4
77ca58ea5000-77ca58eab000 r-xp 00004000 103:01 25449558                  /nix/store/72f1rj6i8grngbnc98kgr7wmr6qd78rc-avahi-0.8/lib/libavahi-common.so.3.5.4
77ca58eab000-77ca58eae000 r--p 0000a000 103:01 25449558                  /nix/store/72f1rj6i8grngbnc98kgr7wmr6qd78rc-avahi-0.8/lib/libavahi-common.so.3.5.4
77ca58eae000-77ca58eaf000 r--p 0000c000 103:01 25449558                  /nix/store/72f1rj6i8grngbnc98kgr7wmr6qd78rc-avahi-0.8/lib/libavahi-common.so.3.5.4
77ca58eaf000-77ca58eb0000 rw-p 0000d000 103:01 25449558                  /nix/store/72f1rj6i8grngbnc98kgr7wmr6qd78rc-avahi-0.8/lib/libavahi-common.so.3.5.4
77ca58eb0000-77ca58eb4000 r--p 00000000 103:01 24535857                  /nix/store/s3134ibgsm3askzfw40p4mpcfsdf9z94-expat-2.8.1/lib/libexpat.so.1.12.1
77ca58eb4000-77ca58ed4000 r-xp 00004000 103:01 24535857                  /nix/store/s3134ibgsm3askzfw40p4mpcfsdf9z94-expat-2.8.1/lib/libexpat.so.1.12.1
77ca58ed4000-77ca58edc000 r--p 00024000 103:01 24535857                  /nix/store/s3134ibgsm3askzfw40p4mpcfsdf9z94-expat-2.8.1/lib/libexpat.so.1.12.1
77ca58edc000-77ca58ede000 r--p 0002c000 103:01 24535857                  /nix/store/s3134ibgsm3askzfw40p4mpcfsdf9z94-expat-2.8.1/lib/libexpat.so.1.12.1
77ca58ede000-77ca58edf000 rw-p 0002e000 103:01 24535857                  /nix/store/s3134ibgsm3askzfw40p4mpcfsdf9z94-expat-2.8.1/lib/libexpat.so.1.12.1
77ca58edf000-77ca58ee0000 r--p 00000000 103:01 25318182                  /nix/store/6w74jip0787k1yhs2rcwwh5i11fhpbbc-brotli-1.1.0-lib/lib/libbrotlidec.so.1.1.0
77ca58ee0000-77ca58ee9000 r-xp 00001000 103:01 25318182                  /nix/store/6w74jip0787k1yhs2rcwwh5i11fhpbbc-brotli-1.1.0-lib/lib/libbrotlidec.so.1.1.0
77ca58ee9000-77ca58eec000 r--p 0000a000 103:01 25318182                  /nix/store/6w74jip0787k1yhs2rcwwh5i11fhpbbc-brotli-1.1.0-lib/lib/libbrotlidec.so.1.1.0
77ca58eec000-77ca58eed000 r--p 0000c000 103:01 25318182                  /nix/store/6w74jip0787k1yhs2rcwwh5i11fhpbbc-brotli-1.1.0-lib/lib/libbrotlidec.so.1.1.0
77ca58eed000-77ca58eee000 rw-p 0000d000 103:01 25318182                  /nix/store/6w74jip0787k1yhs2rcwwh5i11fhpbbc-brotli-1.1.0-lib/lib/libbrotlidec.so.1.1.0
77ca58eee000-77ca58ef5000 r--p 00000000 103:01 21377983                  /nix/store/gbw7569byyqy1j019c54xsqfy1in809d-libpng-apng-1.6.56/lib/libpng16.so.16.56.0
77ca58ef5000-77ca58f1d000 r-xp 00007000 103:01 21377983                  /nix/store/gbw7569byyqy1j019c54xsqfy1in809d-libpng-apng-1.6.56/lib/libpng16.so.16.56.0
77ca58f1d000-77ca58f28000 r--p 0002f000 103:01 21377983                  /nix/store/gbw7569byyqy1j019c54xsqfy1in809d-libpng-apng-1.6.56/lib/libpng16.so.16.56.0
77ca58f28000-77ca58f29000 r--p 00039000 103:01 21377983                  /nix/store/gbw7569byyqy1j019c54xsqfy1in809d-libpng-apng-1.6.56/lib/libpng16.so.16.56.0
77ca58f29000-77ca58f2a000 rw-p 0003a000 103:01 21377983                  /nix/store/gbw7569byyqy1j019c54xsqfy1in809d-libpng-apng-1.6.56/lib/libpng16.so.16.56.0
77ca58f2a000-77ca58f39000 r--p 00000000 103:01 24667820                  /nix/store/n7pbyndksybxznnbarnlhkjh5imrmrvg-freetype-2.13.3/lib/libfreetype.so.6.20.2
77ca58f39000-77ca58fd0000 r-xp 0000f000 103:01 24667820                  /nix/store/n7pbyndksybxznnbarnlhkjh5imrmrvg-freetype-2.13.3/lib/libfreetype.so.6.20.2
77ca58fd0000-77ca58ff7000 r--p 000a6000 103:01 24667820                  /nix/store/n7pbyndksybxznnbarnlhkjh5imrmrvg-freetype-2.13.3/lib/libfreetype.so.6.20.2
77ca58ff7000-77ca58fff000 r--p 000cc000 103:01 24667820                  /nix/store/n7pbyndksybxznnbarnlhkjh5imrmrvg-freetype-2.13.3/lib/libfreetype.so.6.20.2
77ca58fff000-77ca59000000 rw-p 000d4000 103:01 24667820                  /nix/store/n7pbyndksybxznnbarnlhkjh5imrmrvg-freetype-2.13.3/lib/libfreetype.so.6.20.2
77ca59000000-77ca5921b000 r--p 00000000 103:01 25452166                  /nix/store/r2lxnnf254mmdrk3knn2yg7p1wh7f4yw-gtk+3-3.24.51/lib/libgtk-3.so.0.2419.32
77ca5921b000-77ca595e6000 r-xp 0021b000 103:01 25452166                  /nix/store/r2lxnnf254mmdrk3knn2yg7p1wh7f4yw-gtk+3-3.24.51/lib/libgtk-3.so.0.2419.32
77ca595e6000-77ca5973b000 r--p 005e6000 103:01 25452166                  /nix/store/r2lxnnf254mmdrk3knn2yg7p1wh7f4yw-gtk+3-3.24.51/lib/libgtk-3.so.0.2419.32
77ca5973b000-77ca5974e000 r--p 0073a000 103:01 25452166                  /nix/store/r2lxnnf254mmdrk3knn2yg7p1wh7f4yw-gtk+3-3.24.51/lib/libgtk-3.so.0.2419.32
77ca5974e000-77ca59751000 rw-p 0074d000 103:01 25452166                  /nix/store/r2lxnnf254mmdrk3knn2yg7p1wh7f4yw-gtk+3-3.24.51/lib/libgtk-3.so.0.2419.32
77ca59751000-77ca59756000 rw-p 00000000 00:00 0 
77ca59756000-77ca59757000 ---p 00000000 00:00 0 
77ca59757000-77ca59759000 rw-p 00000000 00:00 0 
77ca59759000-77ca5975b000 r--p 00000000 103:01 21262726                  /nix/store/c9gi6iyyki9z92gycdb13wbpjqxwsxis-bzip2-1.0.8/lib/libbz2.so.1.0.8
77ca5975b000-77ca59769000 r-xp 00002000 103:01 21262726                  /nix/store/c9gi6iyyki9z92gycdb13wbpjqxwsxis-bzip2-1.0.8/lib/libbz2.so.1.0.8
77ca59769000-77ca5976b000 r--p 00010000 103:01 21262726                  /nix/store/c9gi6iyyki9z92gycdb13wbpjqxwsxis-bzip2-1.0.8/lib/libbz2.so.1.0.8
77ca5976b000-77ca5976c000 r--p 00011000 103:01 21262726                  /nix/store/c9gi6iyyki9z92gycdb13wbpjqxwsxis-bzip2-1.0.8/lib/libbz2.so.1.0.8
77ca5976c000-77ca5976d000 rw-p 00012000 103:01 21262726                  /nix/store/c9gi6iyyki9z92gycdb13wbpjqxwsxis-bzip2-1.0.8/lib/libbz2.so.1.0.8
77ca5976d000-77ca5976f000 rw-p 00000000 00:00 0 
77ca5976f000-77ca59773000 r--p 00000000 103:01 21377421                  /nix/store/a3dmb85n5k4n0v0yp775y9hbma7dgggg-file-5.45/lib/libmagic.so.1.0.0
77ca59773000-77ca59792000 r-xp 00004000 103:01 21377421                  /nix/store/a3dmb85n5k4n0v0yp775y9hbma7dgggg-file-5.45/lib/libmagic.so.1.0.0
77ca59792000-77ca5979a000 r--p 00023000 103:01 21377421                  /nix/store/a3dmb85n5k4n0v0yp775y9hbma7dgggg-file-5.45/lib/libmagic.so.1.0.0
77ca5979a000-77ca5979c000 r--p 0002a000 103:01 21377421                  /nix/store/a3dmb85n5k4n0v0yp775y9hbma7dgggg-file-5.45/lib/libmagic.so.1.0.0
77ca5979c000-77ca5979d000 rw-p 0002c000 103:01 21377421                  /nix/store/a3dmb85n5k4n0v0yp775y9hbma7dgggg-file-5.45/lib/libmagic.so.1.0.0
77ca5979d000-77ca5979f000 r--p 00000000 103:01 25449377                  /nix/store/3xhxiqb3nlsiqjnyw0qv81zzysk6npib-libxrandr-1.5.4/lib/libXrandr.so.2.2.0
77ca5979f000-77ca597a6000 r-xp 00002000 103:01 25449377                  /nix/store/3xhxiqb3nlsiqjnyw0qv81zzysk6npib-libxrandr-1.5.4/lib/libXrandr.so.2.2.0
77ca597a6000-77ca597a8000 r--p 00009000 103:01 25449377                  /nix/store/3xhxiqb3nlsiqjnyw0qv81zzysk6npib-libxrandr-1.5.4/lib/libXrandr.so.2.2.0
77ca597a8000-77ca597a9000 r--p 0000a000 103:01 25449377                  /nix/store/3xhxiqb3nlsiqjnyw0qv81zzysk6npib-libxrandr-1.5.4/lib/libXrandr.so.2.2.0
77ca597a9000-77ca597aa000 rw-p 0000b000 103:01 25449377                  /nix/store/3xhxiqb3nlsiqjnyw0qv81zzysk6npib-libxrandr-1.5.4/lib/libXrandr.so.2.2.0
77ca597aa000-77ca597ac000 rw-p 00000000 00:00 0 
77ca597ac000-77ca597ad000 r--p 00000000 103:01 25191233                  /nix/store/hv6zvr07ajjkd94jz5al9x5axkgmbkr7-libxinerama-1.1.5/lib/libXinerama.so.1.0.0
77ca597ad000-77ca597ae000 r-xp 00001000 103:01 25191233                  /nix/store/hv6zvr07ajjkd94jz5al9x5axkgmbkr7-libxinerama-1.1.5/lib/libXinerama.so.1.0.0
77ca597ae000-77ca597af000 r--p 00002000 103:01 25191233                  /nix/store/hv6zvr07ajjkd94jz5al9x5axkgmbkr7-libxinerama-1.1.5/lib/libXinerama.so.1.0.0
77ca597af000-77ca597b0000 r--p 00002000 103:01 25191233                  /nix/store/hv6zvr07ajjkd94jz5al9x5axkgmbkr7-libxinerama-1.1.5/lib/libXinerama.so.1.0.0
77ca597b0000-77ca597b1000 rw-p 00003000 103:01 25191233                  /nix/store/hv6zvr07ajjkd94jz5al9x5axkgmbkr7-libxinerama-1.1.5/lib/libXinerama.so.1.0.0
77ca597b1000-77ca597d1000 r--p 00000000 103:01 20448278                  /nix/store/7avbmirfhihahgr4f03qdrhp9kp2j3rw-cups-2.4.19-lib/lib/libcups.so.2
77ca597d1000-77ca5981b000 r-xp 00020000 103:01 20448278                  /nix/store/7avbmirfhihahgr4f03qdrhp9kp2j3rw-cups-2.4.19-lib/lib/libcups.so.2
77ca5981b000-77ca59835000 r--p 0006a000 103:01 20448278                  /nix/store/7avbmirfhihahgr4f03qdrhp9kp2j3rw-cups-2.4.19-lib/lib/libcups.so.2
77ca59835000-77ca5983f000 r--p 00083000 103:01 20448278                  /nix/store/7avbmirfhihahgr4f03qdrhp9kp2j3rw-cups-2.4.19-lib/lib/libcups.so.2
77ca5983f000-77ca59840000 rw-p 0008d000 103:01 20448278                  /nix/store/7avbmirfhihahgr4f03qdrhp9kp2j3rw-cups-2.4.19-lib/lib/libcups.so.2
77ca59840000-77ca59848000 r--p 00000000 103:01 22441292                  /nix/store/m8mmphm064a2kf0f1hznpv1qqz0l3plz-fontconfig-2.17.1-lib/lib/libfontconfig.so.1.16.1
77ca59848000-77ca59875000 r-xp 00008000 103:01 22441292                  /nix/store/m8mmphm064a2kf0f1hznpv1qqz0l3plz-fontconfig-2.17.1-lib/lib/libfontconfig.so.1.16.1
77ca59875000-77ca5988d000 r--p 00035000 103:01 22441292                  /nix/store/m8mmphm064a2kf0f1hznpv1qqz0l3plz-fontconfig-2.17.1-lib/lib/libfontconfig.so.1.16.1
77ca5988d000-77ca5988f000 r--p 0004d000 103:01 22441292                  /nix/store/m8mmphm064a2kf0f1hznpv1qqz0l3plz-fontconfig-2.17.1-lib/lib/libfontconfig.so.1.16.1
77ca5988f000-77ca59890000 rw-p 0004f000 103:01 22441292                  /nix/store/m8mmphm064a2kf0f1hznpv1qqz0l3plz-fontconfig-2.17.1-lib/lib/libfontconfig.so.1.16.1
77ca59890000-77ca59891000 r--p 00000000 103:01 20730118                  /nix/store/7nbi22pcc92y2fqbkyp7h3srvvklmckb-glibc-2.40-224/lib/libdl.so.2
77ca59891000-77ca59892000 r-xp 00001000 103:01 20730118                  /nix/store/7nbi22pcc92y2fqbkyp7h3srvvklmckb-glibc-2.40-224/lib/libdl.so.2
77ca59892000-77ca59893000 r--p 00002000 103:01 20730118                  /nix/store/7nbi22pcc92y2fqbkyp7h3srvvklmckb-glibc-2.40-224/lib/libdl.so.2
77ca59893000-77ca59894000 r--p 00002000 103:01 20730118                  /nix/store/7nbi22pcc92y2fqbkyp7h3srvvklmckb-glibc-2.40-224/lib/libdl.so.2
77ca59894000-77ca59895000 rw-p 00003000 103:01 20730118                  /nix/store/7nbi22pcc92y2fqbkyp7h3srvvklmckb-glibc-2.40-224/lib/libdl.so.2
77ca59895000-77ca59896000 r--p 00000000 103:01 20730135                  /nix/store/7nbi22pcc92y2fqbkyp7h3srvvklmckb-glibc-2.40-224/lib/libpthread.so.0
77ca59896000-77ca59897000 r-xp 00001000 103:01 20730135                  /nix/store/7nbi22pcc92y2fqbkyp7h3srvvklmckb-glibc-2.40-224/lib/libpthread.so.0
77ca59897000-77ca59898000 r--p 00002000 103:01 20730135                  /nix/store/7nbi22pcc92y2fqbkyp7h3srvvklmckb-glibc-2.40-224/lib/libpthread.so.0
77ca59898000-77ca59899000 r--p 00002000 103:01 20730135                  /nix/store/7nbi22pcc92y2fqbkyp7h3srvvklmckb-glibc-2.40-224/lib/libpthread.so.0
77ca59899000-77ca5989a000 rw-p 00003000 103:01 20730135                  /nix/store/7nbi22pcc92y2fqbkyp7h3srvvklmckb-glibc-2.40-224/lib/libpthread.so.0
77ca5989a000-77ca5989c000 rw-p 00000000 00:00 0 
77ca5989c000-77ca5989f000 r--p 00000000 103:01 25722775                  /nix/store/cl36jmhc6yq7a0l3lpcxij8xah07wfl4-openjdk-21.0.10+7/lib/openjdk/lib/libjli.so
77ca5989f000-77ca598a9000 r-xp 00003000 103:01 25722775                  /nix/store/cl36jmhc6yq7a0l3lpcxij8xah07wfl4-openjdk-21.0.10+7/lib/openjdk/lib/libjli.so
77ca598a9000-77ca598ac000 r--p 0000d000 103:01 25722775                  /nix/store/cl36jmhc6yq7a0l3lpcxij8xah07wfl4-openjdk-21.0.10+7/lib/openjdk/lib/libjli.so
77ca598ac000-77ca598ad000 r--p 00010000 103:01 25722775                  /nix/store/cl36jmhc6yq7a0l3lpcxij8xah07wfl4-openjdk-21.0.10+7/lib/openjdk/lib/libjli.so
77ca598ad000-77ca598ae000 rw-p 00011000 103:01 25722775                  /nix/store/cl36jmhc6yq7a0l3lpcxij8xah07wfl4-openjdk-21.0.10+7/lib/openjdk/lib/libjli.so
77ca598ae000-77ca598b1000 r--p 00000000 103:01 21376693                  /nix/store/lf793zr9yfa0dpph8jlxbbdnvnahvq8b-zlib-1.3.2/lib/libz.so.1.3.2
77ca598b1000-77ca598c5000 r-xp 00003000 103:01 21376693                  /nix/store/lf793zr9yfa0dpph8jlxbbdnvnahvq8b-zlib-1.3.2/lib/libz.so.1.3.2
77ca598c5000-77ca598cb000 r--p 00017000 103:01 21376693                  /nix/store/lf793zr9yfa0dpph8jlxbbdnvnahvq8b-zlib-1.3.2/lib/libz.so.1.3.2
77ca598cb000-77ca598cc000 r--p 0001c000 103:01 21376693                  /nix/store/lf793zr9yfa0dpph8jlxbbdnvnahvq8b-zlib-1.3.2/lib/libz.so.1.3.2
77ca598cc000-77ca598cd000 rw-p 0001d000 103:01 21376693                  /nix/store/lf793zr9yfa0dpph8jlxbbdnvnahvq8b-zlib-1.3.2/lib/libz.so.1.3.2
77ca598cd000-77ca598cf000 rw-p 00000000 00:00 0 
77ca598cf000-77ca598d3000 r--p 00000000 00:00 0                          [vvar]
77ca598d3000-77ca598d5000 r-xp 00000000 00:00 0                          [vdso]
77ca598d5000-77ca598d6000 r--p 00000000 103:01 20730107                  /nix/store/7nbi22pcc92y2fqbkyp7h3srvvklmckb-glibc-2.40-224/lib/ld-linux-x86-64.so.2
77ca598d6000-77ca59900000 r-xp 00001000 103:01 20730107                  /nix/store/7nbi22pcc92y2fqbkyp7h3srvvklmckb-glibc-2.40-224/lib/ld-linux-x86-64.so.2
77ca59900000-77ca5990a000 r--p 0002b000 103:01 20730107                  /nix/store/7nbi22pcc92y2fqbkyp7h3srvvklmckb-glibc-2.40-224/lib/ld-linux-x86-64.so.2
77ca5990a000-77ca5990c000 r--p 00035000 103:01 20730107                  /nix/store/7nbi22pcc92y2fqbkyp7h3srvvklmckb-glibc-2.40-224/lib/ld-linux-x86-64.so.2
77ca5990c000-77ca5990e000 rw-p 00037000 103:01 20730107                  /nix/store/7nbi22pcc92y2fqbkyp7h3srvvklmckb-glibc-2.40-224/lib/ld-linux-x86-64.so.2
7ffe095e7000-7ffe0960c000 rw-p 00000000 00:00 0                          [stack]
ffffffffff600000-ffffffffff601000 --xp 00000000 00:00 0                  [vsyscall]
Total number of mappings: 823

JVMTI agents: none


VM Arguments:
jvm_args: -Djava.awt.headless=true -Djava.library.path=/usr/java/packages/lib:/usr/lib64:/lib64:/lib:/usr/lib:/home/soywod/code/pimalaya/android/rust/target/debug:/home/soywod/code/pimalaya/android/android/app/src/testDebug/jniLibs:/home/soywod/code/pimalaya/android/android/app/src/test/jniLibs -Dorg.gradle.internal.worker.tmpdir=/home/soywod/code/pimalaya/android/android/app/build/tmp/testDebugUnitTest/work --add-opens=java.base/java.io=ALL-UNNAMED -Xmx512m -Dfile.encoding=UTF-8 -Duser.country=US -Duser.language=en -Duser.variant -ea 
java_command: worker.org.gradle.process.internal.worker.GradleWorkerMain 'Gradle Test Executor 2'
java_class_path (initial): /home/soywod/code/pimalaya/android/android/.gradle-home/caches/8.14.4/workerMain/gradle-worker.jar:/home/soywod/code/pimalaya/android/android/app/build/intermediates/unit_test_config_directory/debugUnitTest/generateDebugUnitTestConfig/out:/home/soywod/code/pimalaya/android/android/app/build/intermediates/javac/debugUnitTest/compileDebugUnitTestJavaWithJavac/classes:/home/soywod/code/pimalaya/android/android/app/build/intermediates/runtime_app_classes_jar/debug/bundleDebugClassesToRuntimeJar/classes.jar:/home/soywod/code/pimalaya/android/android/.gradle-home/caches/modules-2/files-2.1/junit/junit/4.13.2/8ac9e16d933b6fb43bc7f576336b8f4d7eb5ba12/junit-4.13.2.jar:/home/soywod/code/pimalaya/android/android/.gradle-home/caches/modules-2/files-2.1/org.json/json/20240303/ebb88e8fb5122b7506d5cf1d69f1ccdb790d22a/json-20240303.jar:/home/soywod/code/pimalaya/android/android/.gradle-home/caches/modules-2/files-2.1/org.robolectric/robolectric/4.14.1/1e1c6c170ac76b5a6a60a6248e6ee0d144f5d0f4/robolectric-4.14.1.jar:/home/soywod/code/pimalaya/android/android/client/build/intermediates/runtime_library_classes_jar/debug/bundleLibRuntimeToJarDebug/classes.jar:/home/soywod/code/pimalaya/android/android/.gradle-home/caches/8.14.4/transforms/03d196495f6e1b87a6cbaa59bee7cd5e/transformed/drawerlayout-1.2.0-runtime.jar:/home/soywod/code/pimalaya/android/android/.gradle-home/caches/8.14.4/transforms/6cbbb3fd0a95f52c54decbcd610c8d5c/transformed/swiperefreshlayout-1.1.0-runtime.jar:/home/soywod/code/pimalaya/android/android/.gradle-home/caches/modules-2/files-2.1/org.hamcrest/hamcrest-core/1.3/42a25dc3219429f0e5d060061f71acb49bf010a0/hamcrest-core-1.3.jar:/home/soywod/code/pimalaya/android/android/.gradle-home/caches/modules-2/files-2.1/org.conscrypt/conscrypt-openjdk-uber/2.5.2/d858f142ea189c62771c505a6548d8606ac098fe/conscrypt-openjdk-uber-2.5.2.jar:/home/soywod/code/pimalaya/android/android/.gradle-home/caches/modules-2/files-2.1/org.yaml/snakeyaml/2.3/936b36210e27320f920536f695cf1af210c44586/snakeyaml-2.3.jar:/home/soywod/code/pimalaya/android/android/.gradle-home/caches/8.14.4/transforms/f716350e6a3dd83f8c6ee7f2f5b00175/transformed/espresso-idling-resource-3.6.1-runtime.jar:/home/soywod/code/pimalaya/android/android/.gradle-home/caches/modules-2/files-2.1/com.google.testparameterinjector/test-parameter-injector/1.18/5da02ca88c55bab58071a33e3f5fb6cfcf5df270/test-parameter-injector-1.18.jar:/home/soywod/code/pimalaya/android/android/.gradle-home/caches/modules-2/files-2.1/org.robolectric/junit/4.14.1/fa7cb6a5385f4acb4b0af58ce467187d8f1559b1/junit-4.14.1.jar:/home/soywod/code/pimalaya/android/android/.gradle-home/caches/modules-2/files-2.1/org.robolectric/shadows-framework/4.14.1/fb42ece6c8802d425aa4e52c3041b9a3c780f1ae/shadows-framework-4.14.1.jar:/home/soywod/code/pimalaya/android/android/.gradle-home/caches/modules-2/files-2.1/org.robolectric/resources/4.14.1/9e5155937c5cf5d6f9099879f12b485ead249ca6/resources-4.14.1.jar:/home/soywod/code/pimalaya/android/android/.gradle-home/caches/modules-2/files-2.1/org.robolectric/sandbox/4.14.1/1f68cda721d15d8ae05f811f87ddb29647c3035b/sandbox-4.14.1.jar:/home/soywod/code/pimalaya/android/android/.gradle-home/caches/modules-2/files-2.1/org.robolectric/nativeruntime/4.14.1/1ecc7a9ab86c85526dda78244d8997d3f8e4bb30/nativeruntime-4.14.1.jar:/home/soywod/code/pimalaya/android/android/.gradle-home/caches/modules-2/files-2.1/org.robolectric/utils-reflector/4.14.1/1b2fdbe1ba9c416d204969d088b597294b099422/utils-reflector-4.14.1.jar:/home/soywod/code/pimalaya/android/android/.gradle-home/caches/modules-2/files-2.1/org.robolectric/plugins-maven-dependency-resolver/4.14.1/79f52110888b65a9dc0a39f796f971aaa042a036/plugins-maven-dependency-resolver-4.14.1.jar:/home/soywod/code/pimalaya/android/android/.gradle-home/caches/modules-2/files-2.1/org.robolectric/shadowapi/4.14.1/f0caf6757e0232a2a7fd2e22eebeb2049e26383f/shadowapi-4.14.1.jar:/home/soywod/code/pimalaya/android/android/.gradle-home/caches/modules-2/files-2.1/org.robolectric/utils/4.14.1/8a69e156d65c68a069c48ee23a8ac5d36b9cbd22/utils-4.14.1.jar:/home/soywod/code/pimalaya/android/android/.gradle-home/caches/modules-2/files-2.1/org.robolectric/pluginapi/4.14.1/7b78bf0d46e609608117895acebec19d48593858/pluginapi-4.14.1.jar:/home/soywod/code/pimalaya/android/android/.gradle-home/caches/modules-2/files-2.1/org.robolectric/annotations/4.14.1/75dc083bf3b04f711fa6246263d5f544968e1163/annotations-4.14.1.jar:/home/soywod/code/pimalaya/android/android/.gradle-home/caches/modules-2/files-2.1/javax.inject/javax.inject/1/6975da39a7040257bd51d21a231b76c915872d38/javax.inject-1.jar:/home/soywod/code/pimalaya/android/android/.gradle-home/caches/modules-2/files-2.1/javax.annotation/javax.annotation-api/1.3.2/934c04d3cfef185a8008e7bf34331b79730a9d43/javax.annotation-api-1.3.2.jar:/home/soywod/code/pimalaya/android/android/.gradle-home/caches/modules-2/files-2.1/org.bouncycastle/bcprov-jdk18on/1.78.1/39e9e45359e20998eb79c1828751f94a818d25f8/bcprov-jdk18on-1.78.1.jar:/home/soywod/code/pimalaya/android/android/.gradle-home/caches/8.14.4/transforms/28f96a3a61c108a15ab1e03b45209e9f/transformed/monitor-1.7.2-runtime.jar:/home/soywod/code/pimalaya/android/android/.gradle-home/caches/8.14.4/transforms/0fc66e0fbc16dbedfec215a7cc04a062/transformed/customview-1.1.0-runtime.jar:/home/soywod/code/pimalaya/android/android/.gradle-home/caches/8.14.4/transforms/63d661a34768ce7e6865ca1774522ada/transformed/interpolator-1.0.0-runtime.jar:/home/soywod/code/pimalaya/android/android/.gradle-home/caches/8.14.4/transforms/3535c0182acdd7799a549b40b0918d0e/transformed/core-1.3.0-runtime.jar:/home/soywod/code/pimalaya/android/android/.gradle-home/caches/8.14.4/transforms/c614c2582626900e0b0a39704964f1aa/transformed/versionedparcelable-1.1.0-runtime.jar:/home/soywod/code/pimalaya/android/android/.gradle-home/caches/modules-2/files-2.1/androidx.collection/collection/1.1.0/1f27220b47669781457de0d600849a5de0e89909/collection-1.1.0.jar:/home/soywod/code/pimalaya/android/android/.gradle-home/caches/8.14.4/transforms/f93bc1d63dfd962d613b2ac74d846063/transformed/lifecycle-runtime-2.0.0-runtime.jar:/home/soywod/code/pimalaya/android/android/.gradle-home/caches/modules-2/files-2.1/androidx.lifecycle/lifecycle-common/2.0.0/e070ffae07452331bc5684734fce6831d531785c/lifecycle-common-2.0.0.jar:/home/soywod/code/pimalaya/android/android/.gradle-home/caches/modules-2/files-2.1/androidx.arch.core/core-common/2.0.0/bb21b9a11761451b51624ac428d1f1bb5deeac38/core-common-2.0.0.jar:/home/soywod/code/pimalaya/android/android/.gradle-home/caches/modules-2/files-2.1/androidx.annotation/annotation/1.2.0/57136ff68ee784c6e19db34ed4a175338fadfde1/annotation-1.2.0.jar:/home/soywod/code/pimalaya/android/android/.gradle-home/caches/modules-2/files-2.1/com.google.errorprone/error_prone_annotation/2.34.0/d74b3474300d060bfb83f961bb0ec118c502ec76/error_prone_annotation-2.34.0.jar:/home/soywod/code/pimalaya/android/android/.gradle-home/caches/modules-2/files-2.1/com.google.guava/guava/33.3.1-jre/36162b3b4e9df67dae90db62a2c54616ca42c1bd/guava-33.3.1-android.jar:/home/soywod/code/pimalaya/android/android/.gradle-home/caches/modules-2/files-2.1/com.google.auto.value/auto-value-annotations/1.11.0/f0d047931d07cfbc6fa4079854f181ff62891d6f/auto-value-annotations-1.11.0.jar:/home/soywod/code/pimalaya/android/android/.gradle-home/caches/modules-2/files-2.1/org.ow2.asm/asm-commons/9.7.1/406c6a2225cfe1819f102a161e54cc16a5c24f75/asm-commons-9.7.1.jar:/home/soywod/code/pimalaya/android/android/.gradle-home/caches/modules-2/files-2.1/org.ow2.asm/asm-util/9.7.1/9e23359b598ec6b74b23e53110dd5c577adf2243/asm-util-9.7.1.jar:/home/soywod/code/pimalaya/android/android/.gradle-home/caches/modules-2/files-2.1/org.ow2.asm/asm-analysis/9.7.1/f97a3b319f0ed6a8cd944dc79060d3912a28985f/asm-analysis-9.7.1.jar:/home/soywod/code/pimalaya/android/android/.gradle-home/caches/modules-2/files-2.1/org.ow2.asm/asm-tree/9.7.1/3a53139787663b139de76b627fca0084ab60d32c/asm-tree-9.7.1.jar:/home/soywod/code/pimalaya/android/android/.gradle-home/caches/modules-2/files-2.1/org.ow2.asm/asm/9.7.1/f0ed132a49244b042cd0e15702ab9f2ce3cc8436/asm-9.7.1.jar:/home/soywod/code/pimalaya/android/android/.gradle-home/caches/modules-2/files-2.1/com.almworks.sqlite4java/sqlite4java/1.0.392/d6234e08ff4e1607ff5321da2579571f05ff778d/sqlite4java-1.0.392.jar:/home/soywod/code/pimalaya/android/android/.gradle-home/caches/modules-2/files-2.1/com.ibm.icu/icu4j/75.1/e8f8dcc2967f5ec2cfae185172293adfa5599b78/icu4j-75.1.jar:/home/soywod/code/pimalaya/android/android/.gradle-home/caches/modules-2/files-2.1/com.google.guava/failureaccess/1.0.2/c4a06a64e650562f30b7bf9aaec1bfed43aca12b/failureaccess-1.0.2.jar:/home/soywod/code/pimalaya/android/android/.gradle-home/caches/modules-2/files-2.1/com.google.guava/listenablefuture/9999.0-empty-to-avoid-conflict-with-guava/b421526c5f297295adef1c886e5246c39d4ac629/listenablefuture-9999.0-empty-to-avoid-conflict-with-guava.jar:/home/soywod/code/pimalaya/android/android/.gradle-home/caches/modules-2/files-2.1/com.google.code.findbugs/jsr305/3.0.2/25ea2e8b0c338a877313bd4672d3fe056ea78f0d/jsr305-3.0.2.jar:/home/soywod/code/pimalaya/android/android/.gradle-home/caches/modules-2/files-2.1/org.checkerframework/checker-qual/3.43.0/9425eee39e56b116d2b998b7c2cebcbd11a3c98b/checker-qual-3.43.0.jar:/home/soywod/code/pimalaya/android/android/.gradle-home/caches/modules-2/files-2.1/com.google.errorprone/error_prone_annotations/2.28.0/59fc00087ce372de42e394d2c789295dff2d19f0/error_prone_annotations-2.28.0.jar:/home/soywod/code/pimalaya/android/android/.gradle-home/caches/modules-2/files-2.1/com.google.j2objc/j2objc-annotations/3.0.0/7399e65dd7e9ff3404f4535b2f017093bdb134c7/j2objc-annotations-3.0.0.jar:/home/soywod/code/pimalaya/android/android/.gradle-home/caches/modules-2/files-2.1/org.robolectric/nativeruntime-dist-compat/1.0.16/ef05f75ca93873db8afb4642c32ba816e67856bc/nativeruntime-dist-compat-1.0.16.jar:/home/soywod/code/pimalaya/android/android/.gradle-home/caches/8.14.4/transforms/5c87f55c0c47d326bc4fe566a0ccb17c/transformed/drawerlayout-1.2.0/jars/classes.jar:/home/soywod/code/pimalaya/android/android/.gradle-home/caches/8.14.4/transforms/2966db2390ea92e104b9e78eab46594c/transformed/swiperefreshlayout-1.1.0/jars/classes.jar:/home/soywod/code/pimalaya/android/android/.gradle-home/caches/8.14.4/transforms/4afdbdc0293014d0aa4f06d03a93e8ff/transformed/espresso-idling-resource-3.6.1/jars/classes.jar:/home/soywod/code/pimalaya/android/android/.gradle-home/caches/8.14.4/transforms/465ca540048bc7142afb72609376604e/transformed/monitor-1.7.2/jars/classes.jar:/home/soywod/code/pimalaya/android/android/.gradle-home/caches/8.14.4/transforms/775c82bf4f2874ad048017a91a27fe33/transformed/customview-1.1.0/jars/classes.jar:/home/soywod/code/pimalaya/android/android/.gradle-home/caches/8.14.4/transforms/970e15e28ae93837da502e567399afb9/transformed/interpolator-1.0.0/jars/classes.jar:/home/soywod/code/pimalaya/android/android/.gradle-home/caches/8.14.4/transforms/5d4d817e887e6acb44dafdf792f0f568/transformed/core-1.3.0/jars/classes.jar:/home/soywod/code/pimalaya/android/android/.gradle-home/caches/8.14.4/transforms/d3f0eff70fce89f5e56131b089ba13c5/transformed/versionedparcelable-1.1.0/jars/classes.jar:/home/soywod/code/pimalaya/android/android/.gradle-home/caches/8.14.4/transforms/dcc8047eda885e2cdba4e33881b6a4f8/transformed/lifecycle-runtime-2.0.0/jars/classes.jar:/home/soywod/code/pimalaya/android/android/app/build/intermediates/compile_and_runtime_not_namespaced_r_class_jar/debug/processDebugResources/R.jar:/home/soywod/code/pimalaya/android/android/.gradle-home/caches/8.14.4/transforms/8c4490c9266a48af244fffb651615ce4/transformed/android.jar
Launcher Type: SUN_STANDARD

[Global flags]
     intx CICompilerCount                          = 12                                        {product} {ergonomic}
     uint ConcGCThreads                            = 3                                         {product} {ergonomic}
     uint G1ConcRefinementThreads                  = 13                                        {product} {ergonomic}
   size_t G1HeapRegionSize                         = 1048576                                   {product} {ergonomic}
    uintx GCDrainStackTargetSize                   = 64                                        {product} {ergonomic}
   size_t InitialHeapSize                          = 515899392                                 {product} {ergonomic}
   size_t MarkStackSize                            = 4194304                                   {product} {ergonomic}
   size_t MaxHeapSize                              = 536870912                                 {product} {command line}
   size_t MaxNewSize                               = 321912832                                 {product} {ergonomic}
   size_t MinHeapDeltaBytes                        = 1048576                                   {product} {ergonomic}
   size_t MinHeapSize                              = 8388608                                   {product} {ergonomic}
    uintx NonNMethodCodeHeapSize                   = 7602480                                {pd product} {ergonomic}
    uintx NonProfiledCodeHeapSize                  = 122027880                              {pd product} {ergonomic}
    uintx ProfiledCodeHeapSize                     = 122027880                              {pd product} {ergonomic}
    uintx ReservedCodeCacheSize                    = 251658240                              {pd product} {ergonomic}
     bool SegmentedCodeCache                       = true                                      {product} {ergonomic}
   size_t SoftMaxHeapSize                          = 536870912                              {manageable} {ergonomic}
     bool UseCompressedOops                        = true                           {product lp64_product} {ergonomic}
     bool UseG1GC                                  = true                                      {product} {ergonomic}

Logging:
Log output configuration:
 #0: stdout all=warning uptime,level,tags foldmultilines=false
 #1: stderr all=off uptime,level,tags foldmultilines=false

Release file:
IMPLEMENTOR="N/A"
JAVA_RUNTIME_VERSION="21.0.10+7-nixos"
JAVA_VERSION="21.0.10"
JAVA_VERSION_DATE="2026-01-20"
LIBC="gnu"
MODULES="java.base java.compiler java.datatransfer java.xml java.prefs java.desktop java.instrument java.logging java.management java.security.sasl java.naming java.rmi java.management.rmi java.net.http java.scripting java.security.jgss java.transaction.xa java.sql java.sql.rowset java.xml.crypto java.se java.smartcardio jdk.accessibility jdk.internal.jvmstat jdk.attach jdk.charsets jdk.internal.opt jdk.zipfs jdk.compiler jdk.crypto.ec jdk.crypto.cryptoki jdk.dynalink jdk.internal.ed jdk.editpad jdk.hotspot.agent jdk.httpserver jdk.incubator.vector jdk.internal.le jdk.internal.vm.ci jdk.internal.vm.compiler jdk.internal.vm.compiler.management jdk.jartool jdk.javadoc jdk.jcmd jdk.management jdk.management.agent jdk.jconsole jdk.jdeps jdk.jdwp.agent jdk.jdi jdk.jfr jdk.jlink jdk.jpackage jdk.jshell jdk.jsobject jdk.jstatd jdk.localedata jdk.management.jfr jdk.naming.dns jdk.naming.rmi jdk.net jdk.nio.mapmode jdk.random jdk.sctp jdk.security.auth jdk.security.jgss jdk.unsupported jdk.unsupported.desktop jdk.xml.dom"
OS_ARCH="x86_64"
OS_NAME="Linux"
SOURCE=""

Environment Variables:
JAVA_HOME=/nix/store/cl36jmhc6yq7a0l3lpcxij8xah07wfl4-openjdk-21.0.10+7
CLASSPATH=
PATH=/nix/store/5mrhn7sj5hmx1sqqj1568sya450yarvx-patchelf-0.15.2/bin:/nix/store/8v97ngkcpfzgghwnnr7fsz33p2x22gy9-gcc-wrapper-14.3.0/bin:/nix/store/ipr6y28viyqkhkg58rdvy27m01q5j5nh-gcc-14.3.0/bin:/nix/store/6s5jp0cchd4jjq474xkfymj18l6i5x95-glibc-2.40-224-bin/bin:/nix/store/hqkszxk2c0cxvd04xa4gsaqs182dw8l2-coreutils-9.8/bin:/nix/store/iz5lckcsg66r223si2gck7csk2hihj0m-binutils-wrapper-2.44/bin:/nix/store/i7mdvmliqcb5lz0nqija8rq55vws6gi8-binutils-2.44/bin:/nix/store/liyb88c73p1x8hrlw0mfxxslai1xyia0-rust-mixed/bin:/nix/store/4s7grr90nbvhkpbmhmjbfgarawpd4xcx-cargo-deny-0.18.9/bin:/nix/store/61lhighlsil6bjprap3aa649553m3wm0-cargo-ndk-4.1.2/bin:/nix/store/qvh7dya8kvkyjcvhi8dimjhci21c70wi-openjdk-17.0.18+8/bin:/nix/store/mjp39a5mr0njxiqsd5ffsykz9pb0li41-gradle-8.14.4/bin:/nix/store/kwikkzxvn8sjijc6k85rfwy72kw9m58c-androidsdk/bin:/nix/store/6bcljb0rmp7xmwc4h57m83qcsgzcka2k-jdt-language-server-1.52.0/bin:/nix/store/hqkszxk2c0cxvd04xa4gsaqs182dw8l2-coreutils-9.8/bin:/nix/store/8xhaz2ysixijy8sgzmwmhlialqqind1p-findutils-4.10.0/bin:/nix/store/cw3a3yz8vrfsz53ypjw8hspy5hzzx2py-diffutils-3.12/bin:/nix/store/4zi0y6cmpjnbhmgrx7vfgqkyv5z1z4z0-gnused-4.9/bin:/nix/store/k3wiv3qqa4y0im5v1iq2jy4h9cm32dfc-gnugrep-3.12/bin:/nix/store/88d79vz87a5g3wsclabrgqd93jqh5yv8-gawk-5.3.2/bin:/nix/store/xl6pd2spjajwcpq09fnmnjv5psqmlmma-gnutar-1.35/bin:/nix/store/rhp8ph1q699irvmacp27x3sw84slk32i-gzip-1.14/bin:/nix/store/g36v1ss2ywkqp751wlkhnd8n9zaqkg2w-bzip2-1.0.8-bin/bin:/nix/store/djjc508wnfdwmkv5xrxxqx5r2v09yxfp-gnumake-4.4.1/bin:/nix/store/3hgg7pr65imdrifqqh3flg3arvkc2r22-bash-5.3p3/bin:/nix/store/wgnxx41q3d2cx6j5wk2s5bkjyzrr3ggn-patch-2.8/bin:/nix/store/3x3p3mhwn18q7qplxn34i13rdmswi0qm-xz-5.8.3-bin/bin:/nix/store/018l43lbsqbrsasrfdcxxb5s4s161fkr-file-5.45/bin:/nix/store/3zijspba1n5f5dc63kkd6yfs8q5748vj-procps-4.0.7/bin:/nix/store/hkclq7d0j10l7gk1v2hpif398dvnq6lz-ripgrep-15.2.0/bin:/nix/store/y0ra9qr3rz81d9wl7dfrldv3j25dc98q-bubblewrap-0.12.0/bin:/nix/store/5fzpsj7yyzmyh3pgdnh6q7qxgdaah354-socat-1.8.1.3/bin:/home/soywod/.local/bin:/run/wrappers/bin:/home/soywod/.nix-profile/bin:/nix/profile/bin:/home/soywod/.local/state/nix/profile/bin:/etc/profiles/per-user/soywod/bin:/nix/var/nix/profiles/default/bin:/run/current-system/sw/bin:/nix/store/2n3qzjss7lymmd8j2hqrrnrxqmfnh2z5-kitty-0.44.0/bin:/nix/store/khc36czzwwmaxpdg1ii55zgppn1ni09g-imagemagick-7.1.2-23/bin:/nix/store/s7hmpxm2pm4zxsbm0x1fhlzrdvr2v4ga-ncurses-6.5-dev/bin
LD_LIBRARY_PATH=/nix/store/z6v6qc8cy50i90afg4kgbr4jrfg5fdnc-alsa-lib-1.2.16.1/lib
SHELL=/nix/store/3hgg7pr65imdrifqqh3flg3arvkc2r22-bash-5.3p3/bin/bash
DISPLAY=:0
WAYLAND_DISPLAY=wayland-1
LANG=en_US.UTF-8
TERM=xterm-kitty
TMPDIR=/tmp/nix-shell.g0isvR
TMP=/tmp/nix-shell.g0isvR
TEMP=/tmp/nix-shell.g0isvR

Active Locale:
LC_ALL=en_US.UTF-8
LC_COLLATE=en_US.UTF-8
LC_CTYPE=en_US.UTF-8
LC_MESSAGES=en_US.UTF-8
LC_MONETARY=en_US.UTF-8
LC_NUMERIC=en_US.UTF-8
LC_TIME=en_US.UTF-8

Signal Handlers:
   SIGSEGV: crash_handler in libjvm.so, mask=11100100010111111101111111111110, flags=SA_RESTART|SA_SIGINFO, unblocked
    SIGBUS: crash_handler in libjvm.so, mask=11100100010111111101111111111110, flags=SA_RESTART|SA_SIGINFO, unblocked
    SIGFPE: crash_handler in libjvm.so, mask=11100100010111111101111111111110, flags=SA_RESTART|SA_SIGINFO, unblocked
   SIGPIPE: javaSignalHandler in libjvm.so, mask=11100100010111111101111111111110, flags=SA_RESTART|SA_SIGINFO, blocked
   SIGXFSZ: javaSignalHandler in libjvm.so, mask=11100100010111111101111111111110, flags=SA_RESTART|SA_SIGINFO, blocked
    SIGILL: crash_handler in libjvm.so, mask=11100100010111111101111111111110, flags=SA_RESTART|SA_SIGINFO, unblocked
   SIGUSR2: SR_handler in libjvm.so, mask=00000000000000000000000000000000, flags=SA_RESTART|SA_SIGINFO, blocked
    SIGHUP: UserHandler in libjvm.so, mask=11100100010111111101111111111110, flags=SA_RESTART|SA_SIGINFO, blocked
    SIGINT: UserHandler in libjvm.so, mask=11100100010111111101111111111110, flags=SA_RESTART|SA_SIGINFO, blocked
   SIGTERM: UserHandler in libjvm.so, mask=11100100010111111101111111111110, flags=SA_RESTART|SA_SIGINFO, blocked
   SIGQUIT: UserHandler in libjvm.so, mask=11100100010111111101111111111110, flags=SA_RESTART|SA_SIGINFO, blocked
   SIGTRAP: crash_handler in libjvm.so, mask=11100100010111111101111111111110, flags=SA_RESTART|SA_SIGINFO, unblocked


Periodic native trim disabled

---------------  S Y S T E M  ---------------

OS:
DISTRIB_CODENAME=xantusia
DISTRIB_DESCRIPTION="NixOS 25.11 (Xantusia)"
DISTRIB_ID=nixos
DISTRIB_RELEASE="25.11"
LSB_VERSION="25.11 (Xantusia)"
uname: Linux 6.12.93 #1-NixOS SMP PREEMPT_DYNAMIC Tue Jun  9 10:26:06 UTC 2026 x86_64
OS uptime: 0 days 12:01 hours
libc: glibc 2.40 NPTL 2.40 
rlimit (soft/hard): STACK 8192k/infinity , CORE infinity/infinity , NPROC 125365/125365 , NOFILE 524288/524288 , AS infinity/infinity , CPU infinity/infinity , DATA infinity/infinity , FSIZE infinity/infinity , MEMLOCK 8192k/8192k
load average: 9.64 6.82 5.30

/proc/meminfo:
MemTotal:       32214188 kB
MemFree:         1745100 kB
MemAvailable:   19768984 kB
Buffers:          225604 kB
Cached:         16897088 kB
SwapCached:        30044 kB
Active:         15758956 kB
Inactive:       12110436 kB
Active(anon):    7959988 kB
Inactive(anon):  2226316 kB
Active(file):    7798968 kB
Inactive(file):  9884120 kB
Unevictable:         332 kB
Mlocked:             332 kB
SwapTotal:      15624188 kB
SwapFree:       12813044 kB
Zswap:                 0 kB
Zswapped:              0 kB
Dirty:            263148 kB
Writeback:            60 kB
AnonPages:      10727400 kB
Mapped:           977384 kB
Shmem:            306048 kB
KReclaimable:     804100 kB
Slab:            1147864 kB
SReclaimable:     804100 kB
SUnreclaim:       343764 kB
KernelStack:       31216 kB
PageTables:        96888 kB
SecPageTables:      4872 kB
NFS_Unstable:          0 kB
Bounce:                0 kB
WritebackTmp:          0 kB
CommitLimit:    31731280 kB
Committed_AS:   26628324 kB
VmallocTotal:   34359738367 kB
VmallocUsed:       83920 kB
VmallocChunk:          0 kB
Percpu:            13696 kB
HardwareCorrupted:     0 kB
AnonHugePages:         0 kB
ShmemHugePages:        0 kB
ShmemPmdMapped:        0 kB
FileHugePages:         0 kB
FilePmdMapped:         0 kB
CmaTotal:              0 kB
CmaFree:               0 kB
Unaccepted:            0 kB
HugePages_Total:       0
HugePages_Free:        0
HugePages_Rsvd:        0
HugePages_Surp:        0
Hugepagesize:       2048 kB
Hugetlb:               0 kB
DirectMap4k:     2885740 kB
DirectMap2M:    26863616 kB
DirectMap1G:     3145728 kB

/sys/kernel/mm/transparent_hugepage/enabled: always [madvise] never
/sys/kernel/mm/transparent_hugepage/hpage_pmd_size: 2097152
/sys/kernel/mm/transparent_hugepage/defrag (defrag/compaction efforts parameter): always defer defer+madvise [madvise] never

Process Memory:
Virtual Size: 5593828K (peak: 5593828K)
Resident Set Size: 546412K (peak: 546412K) (anon: 481820K, file: 55992K, shmem: 8600K)
Swapped out: 0K
C-Heap outstanding allocations: 159247K, retained: 98088K
glibc malloc tunables: (default)

/proc/sys/kernel/threads-max (system-wide limit on the number of threads): 250730
/proc/sys/vm/max_map_count (maximum number of memory map areas a process may have): 1048576
/proc/sys/vm/swappiness (control to define how aggressively the kernel swaps out anonymous memory): 60
/proc/sys/kernel/pid_max (system-wide limit on number of process identifiers): 4194304

container information not found.
Steal ticks since vm start: 0
Steal ticks percentage since vm start:  0.000

CPU: total 16 (initial active 16) (16 cores per cpu, 2 threads per core) family 25 model 80 stepping 0 microcode 0xa500012, cx8, cmov, fxsr, ht, mmx, 3dnowpref, sse, sse2, sse3, ssse3, sse4a, sse4.1, sse4.2, popcnt, lzcnt, tsc, tscinvbit, avx, avx2, aes, erms, clmul, bmi1, bmi2, adx, sha, fma, vzeroupper, clflush, clflushopt, rdtscp, rdpid, fsrm, f16c, pku, ospke, cet_ss
CPU Model and flags from /proc/cpuinfo:
model name	: AMD Ryzen 7 5700G with Radeon Graphics
flags		: fpu vme de pse tsc msr pae mce cx8 apic sep mtrr pge mca cmov pat pse36 clflush mmx fxsr sse sse2 ht syscall nx mmxext fxsr_opt pdpe1gb rdtscp lm constant_tsc rep_good nopl xtopology nonstop_tsc cpuid extd_apicid aperfmperf rapl pni pclmulqdq monitor ssse3 fma cx16 sse4_1 sse4_2 x2apic movbe popcnt aes xsave avx f16c rdrand lahf_lm cmp_legacy extapic cr8_legacy abm sse4a misalignsse 3dnowprefetch osvw ibs skinit wdt tce topoext perfctr_core perfctr_nb bpext perfctr_llc mwaitx cpb cat_l3 cdp_l3 hw_pstate ssbd mba ibrs ibpb stibp vmmcall fsgsbase bmi1 avx2 smep bmi2 erms invpcid cqm rdt_a rdseed adx smap clflushopt clwb sha_ni xsaveopt xsavec xgetbv1 xsaves cqm_llc cqm_occup_llc cqm_mbm_total cqm_mbm_local user_shstk clzero irperf xsaveerptr rdpru wbnoinvd cppc arat npt lbrv svm_lock nrip_save tsc_scale vmcb_clean flushbyasid decodeassists pausefilter pfthreshold avic v_vmsave_vmload vgif v_spec_ctrl umip pku ospke vaes vpclmulqdq rdpid overflow_recov succor smca fsrm debug_swap

Online cpus: 0-15
Offline cpus: 
BIOS frequency limitation: <Not Available>
Frequency switch latency (ns): 0
Available cpu frequencies: <Not Available>
Current governor: powersave
Core performance/turbo boost: 1

Memory: 4k page, physical 32214188k(19768984k free), swap 15624188k(12813044k free)
Page Sizes: 4k

vm_info: OpenJDK 64-Bit Server VM (21.0.10+7-nixos) for linux-amd64 JRE (21.0.10+7-nixos), built on 1980-01-02T00:00:00Z by "nixbld" with gcc 14.3.0

END.
